ï»¿State_Name,Crop_Year,Area,Temperature,Precipitaion,Humidity,Soil_type:_clay,SeasonRabi       ,crop,price
Maharashtra,1997,598400,24.243,42.3484,84,1,0,arecanut,217000
Maharashtra,1998,453200,23.1,8.7838,70,0,0,arecanut,227900
Maharashtra,1999,498300,22.8118,39.5078,35,0,0,arecanut,190900
Maharashtra,2000,518700,23.2746,9.2558,33,1,0,arecanut,160800
Maharashtra,2001,528900,23.5674,4.0668,29,1,0,arecanut,175000
Maharashtra,2002,494900,23.5598,28.5188,85,0,0,arecanut,117300
Maharashtra,2003,478300,23.7654,3.5496,87,1,0,arecanut,55100
Maharashtra,2004,555000,23.456,8.3676,20,0,0,arecanut,263300
Maharashtra,2006,528400,22.8787,46.7888,36,0,0,arecanut,274000
Maharashtra,2007,5034,22.7811,20.8014,43,0,0,arecanut,2840
Maharashtra,2008,507200,23.111,14.398,54,1,0,arecanut,327800
Maharashtra,2009,520500,22.3211,35.4694,33,0,0,arecanut,350600
Maharashtra,2010,540000,22.3564,28.1252,52,0,0,arecanut,318000
Maharashtra,2011,434600,23.1456,26.9422,80,0,0,arecanut,123200
Maharashtra,2012,444800,23.6523,32.6042,79,0,0,arecanut,67000
Maharashtra,2013,503900,23.1234,9.5166,40,0,0,arecanut,354500
Maharashtra,2014,443600,22.751,24.0944,79,0,0,arecanut,279800
Maharashtra,1997,3400,23.1122,5.213,54,0,0,arecanut,900
Maharashtra,1998,1100,22.991,27.6824,34,0,0,arecanut,400
Maharashtra,2000,200,23.2296,9.5258,36,0,0,arecanut,100
Maharashtra,2001,100,23.8574,9.259,50,0,0,arecanut,100
Maharashtra,2002,100,24.0966,5.223,47,0,0,banana,100
Maharashtra,2003,100,23.9084,28.5188,30,0,0,banana,100
Maharashtra,2004,100,23.8456,3.4646,48,0,0,banana,100
Maharashtra,2006,100,22.989,8.7726,24,0,0,banana,100
Maharashtra,2007,2,24.0124,30.3168,51,0,0,banana,2
Maharashtra,2008,200,23.456,12.8052,36,0,0,banana,200
Maharashtra,2009,100,22.874,13.7788,35,0,0,banana,100
Maharashtra,2010,100,23.001,35.25,51,0,0,banana,100
Maharashtra,2011,100,24.11,51.1382,38,0,0,banana,100
Maharashtra,1997,200,23.654,22.9778,44,0,0,banana,100
Maharashtra,1998,600,23.842,29.0668,44,0,0,banana,200
Maharashtra,1999,200,23.132,31.3068,34,0,0,banana,100
Maharashtra,2000,100,23.594,12.877,36,0,0,banana,100
Maharashtra,2001,100,23.202,27.4898,23,0,0,banana,100
Maharashtra,2002,100,24.2112,23.9706,50,0,0,banana,100
Maharashtra,2003,100,24.458,6.4794,47,0,0,banana,100
Maharashtra,2010,1100,24.2334,23.4982,30,0,0,dry chillies,1100
Maharashtra,2011,600,23.416,3.8178,48,0,0,dry chillies,500
Maharashtra,2014,200,23.789,55.4514,38,0,0,dry chillies,200
Maharashtra,1997,213400,23.897,23.9442,44,0,0,dry chillies,112600
Maharashtra,1998,171000,24.123,9.4574,39,0,0,dry chillies,113700
Maharashtra,1999,184600,23.416,38.3356,31,0,0,dry chillies,146600
Maharashtra,2000,202900,23.348,8.563,20,1,0,dry chillies,117300
Maharashtra,2001,212900,23.017,27.4898,29,0,0,dry chillies,123900
Maharashtra,2002,147500,23.6324,37.3426,29,1,0,dry chillies,82400
Maharashtra,2003,170000,23.46683,14.8936,26,0,0,dry chillies,61300
Maharashtra,2004,168500,24.2225,3.0964,33,1,0,dry chillies,107400
Maharashtra,2006,164000,23.864,23.4266,39,0,0,coconut,161300
Maharashtra,2007,1131,23.486,3.9672,21,1,0,coconut,1197
Maharashtra,2008,178200,24.0125,8.099,52,1,0,coconut,100800
Maharashtra,2009,171800,23.874,35.6744,24,0,0,coconut,188100
Maharashtra,2010,80800,24.124,14.6592,42,1,0,coconut,62800
Maharashtra,2011,86300,23.6541,11.4134,48,0,0,coconut,65200
Maharashtra,2012,96400,23.4568,38.6254,31,0,0,coconut,26000
Maharashtra,2013,86200,23.89456,23.7362,29,1,0,coconut,65400
Maharashtra,2014,107100,24.435,27.0536,33,1,0,coconut,44900
Maharashtra,1997,262100,24.613,7.1936,55,0,0,coconut,111800
Maharashtra,1998,239800,23.6854,16.5566,22,1,0,coconut,135000
Maharashtra,1999,250000,23.421,5.728,58,0,0,coconut,156700
Maharashtra,2000,265800,24.50667,35.733,31,1,0,coconut,130600
Maharashtra,2001,263700,24.3985,11.5014,27,1,0,coconut,134000
Maharashtra,2002,247900,24.11217,45.2892,20,1,0,coconut,145800
Maharashtra,2003,253100,23.8315,14.0634,60,1,0,coconut,68300
Maharashtra,2004,256700,24.079,7.227,51,1,0,coconut,184300
Maharashtra,2006,251100,23.96683,33.2642,44,1,0,coconut,178700
Maharashtra,2007,2426,24.1122,5.8858,30,0,0,coconut,1963
Maharashtra,2008,178200,23.965,9.278,60,0,0,coconut,160700
Maharashtra,2009,207000,24.212,43.905,43,1,0,coconut,172400
Maharashtra,2010,194400,24.312,29.9464,24,0,0,dry ginger,140400
Maharashtra,2011,170400,23.964,24.4334,42,1,0,dry ginger,117700
Maharashtra,2012,186500,23.456,24.6872,58,1,0,dry ginger,48200
Maharashtra,2013,262300,23.756,43.204,20,1,0,dry ginger,170200
Maharashtra,2014,250400,24.946,31.903,53,0,0,dry ginger,134800
Maharashtra,1997,3900,24.5384,33.3622,32,1,0,dry ginger,800
Maharashtra,1998,2300,24.126,9.8316,39,1,0,dry ginger,900
Maharashtra,1999,1400,23.6512,23.4222,41,0,0,dry ginger,600
Maharashtra,2000,1500,23.453,10.9318,49,0,0,dry ginger,400
Maharashtra,2001,900,22.93,57.9916,60,0,0,dry ginger,400
Maharashtra,2002,800,23.1286,28.1178,34,1,0,dry ginger,300
Maharashtra,2003,400,22.9408,23.8736,41,1,0,dry ginger,200
Maharashtra,2004,200,23.527,10.6622,36,0,0,dry ginger,100
Maharashtra,2006,100,24.004,7.5498,4,1,0,dry ginger,100
Maharashtra,1997,17100,24.0046,25.121,43,0,0,dry ginger,4700
Maharashtra,1998,21200,24.00124,7.4396,23,1,0,dry ginger,7600
Maharashtra,1999,21100,23.6874,8.3732,35,1,0,dry ginger,13300
Maharashtra,2000,16000,23.698,42.6778,35,0,0,dry ginger,10300
Maharashtra,2001,16600,23.2536,11.8746,58,0,0,dry ginger,17300
Maharashtra,2002,20900,23.3912,29.0894,84,1,0,dry ginger,17400
Maharashtra,2003,21700,23.0148,9.8568,70,1,0,dry ginger,16200
Maharashtra,2004,19700,23.8924,36.684,35,0,0,ground nut,8200
Maharashtra,2006,17500,24.1324,22.2358,33,0,0,ground nut,15400
Maharashtra,2007,153,24.0082,4.3706,29,0,0,ground nut,169
Maharashtra,2008,13700,23.564,23.9846,85,1,0,ground nut,14600
Maharashtra,2009,14300,23.645,4.319,87,1,0,ground nut,17600
Maharashtra,2010,20400,24.121,30.8122,36,0,0,ground nut,20400
Maharashtra,2011,10700,24.351,14.11,43,1,0,ground nut,8900
Maharashtra,2012,9500,23.598,12.681,54,1,0,ground nut,7700
Maharashtra,2013,13300,23.958,31.1298,33,1,0,ground nut,10700
Maharashtra,2014,10800,23.456,50.2822,52,1,0,ground nut,8900
Maharashtra,1997,85400,24.123,23.8542,80,0,0,ground nut,25100
Maharashtra,1998,72200,24.234,27.3182,79,1,0,ground nut,23400
Maharashtra,1999,62900,23.571,3.9404,40,1,0,ground nut,32200
Maharashtra,2000,41000,23.914,10.2422,79,0,0,ground nut,9700
Maharashtra,2001,43700,23.774,51.9268,54,0,0,ground nut,21800
Maharashtra,2002,26200,23.8826,20.6762,34,0,0,ground nut,7600
Maharashtra,2004,20400,23.5864,26.6764,36,0,0,ground nut,6600
Maharashtra,2006,16300,24.1724,14.6656,23,0,0,ground nut,7000
Maharashtra,2007,123,24.5316,7.3514,50,0,0,ground nut,63
Maharashtra,2008,4300,24.4052,22.2012,47,0,0,ground nut,1600
Maharashtra,2009,5100,24.324,7.2722,30,0,0,ground nut,2100
Maharashtra,2010,6100,24.5124,8.3802,48,0,0,ground nut,3000
Maharashtra,2011,5000,23.969,41.015,51,0,0,ground nut,1900
Maharashtra,2012,4600,24.0124,25.6692,36,0,0,ground nut,2500
Maharashtra,2013,5100,24.8575,19.1342,35,0,0,ground nut,2300
Maharashtra,2014,5900,24.5462,38.6634,51,0,0,cotton,2600
Maharashtra,1997,42800,23.8741,34.6954,38,0,0,cotton,35500
Maharashtra,1998,46600,24.124,19.1486,44,0,0,cotton,48400
Maharashtra,1999,10000,24.54,8.1814,44,0,0,cotton,10300
Maharashtra,2000,4300,23.958,30.3526,32,0,0,cotton,1700
Maharashtra,2001,5800,22.8184,40.0492,39,0,0,cotton,3700
Maharashtra,2002,6200,22.8716,5.7688,48,0,0,cotton,5200
Maharashtra,2003,7900,22.4246,25.584,34,0,0,cotton,11500
Maharashtra,2004,8600,22.9606,11.323,36,0,0,cotton,12500
Maharashtra,2006,9200,22.9996,1.1432,23,0,0,cotton,11100
Maharashtra,2007,85,23.0222,13.4654,50,0,0,cotton,142
Maharashtra,2008,8300,22.546,2.6158,47,0,0,cotton,10200
Maharashtra,2009,10200,22.32145,7.5798,30,0,0,cotton,13100
Maharashtra,2010,9700,22.6878,7.9932,24,0,0,cotton,16100
Maharashtra,2011,10500,22.7865,10.8172,51,0,0,cotton,12900
Maharashtra,2012,16000,22.647,17.6784,36,0,0,cotton,18100
Maharashtra,2013,19200,22.789,17.622,35,0,0,cotton,26700
Maharashtra,2014,11000,22.985,13.9788,51,0,0,cotton,14800
Maharashtra,1997,18200,22.3124,21.2754,38,0,0,cotton,5900
Maharashtra,1998,15200,22.514,5.9784,44,0,0,cotton,4200
Maharashtra,1999,13100,22.617,1.308,44,0,0,cotton,5000
Maharashtra,2000,9900,22.459,5.9785,32,0,0,cotton,3300
Maharashtra,2001,8800,24.3958,49.9568,39,0,0,cotton,3900
Maharashtra,2002,7200,24.499,23.9216,31,0,0,cotton,2400
Maharashtra,2003,7700,23.9898,29.2804,20,0,0,cotton,3700
Maharashtra,2004,5500,24.6558,11.8062,29,0,0,cotton,1600
Maharashtra,2006,7100,24.8906,7.4244,29,0,0,cotton,4000
Maharashtra,2007,68,24.7492,7.4244,26,0,0,cotton,46
Maharashtra,2008,3800,24.3958,33.0362,33,0,0,paddy,1900
Maharashtra,2009,3600,24.499,10.0562,39,0,0,paddy,2700
Maharashtra,2010,3500,24.6558,29.3722,52,0,0,paddy,2600
Maharashtra,2011,1400,24.8906,36.8972,24,0,0,paddy,900
Maharashtra,2012,1300,24.7492,31.5016,42,0,0,paddy,1500
Maharashtra,2013,1100,23.546,20.5066,48,0,0,paddy,1100
Maharashtra,2014,400,24.561,37.4084,31,0,0,paddy,300
Maharashtra,1999,18300,24.325,42.4738,29,0,0,paddy,7400
Maharashtra,2000,19200,23.541,18.2914,33,0,0,paddy,11800
Maharashtra,2001,21200,24.8741,13.497,55,0,0,paddy,11400
Maharashtra,2002,21900,22.9308,9.6288,22,0,0,paddy,15100
Maharashtra,2003,23200,24.7466,26.5674,53,1,0,paddy,16400
Maharashtra,2004,22100,25.008,7.2458,32,1,0,paddy,14000
Maharashtra,2006,20900,24.7984,31.9074,39,1,0,paddy,11800
Maharashtra,2007,230,24.8714,5.2844,41,1,0,paddy,160
Maharashtra,2008,21300,24.65,9.0222,49,0,0,paddy,28700
Maharashtra,2009,23300,24.958,23.4206,34,0,0,paddy,21900
Maharashtra,2010,26500,24.317,22.0678,41,1,0,paddy,17300
Maharashtra,2011,21700,24.985,42.7612,36,0,0,paddy,16200
Maharashtra,2012,24900,24.627,43.0968,4,0,0,paddy,28900
Maharashtra,2013,10100,24.7466,28.6832,43,0,0,paddy,11200
Maharashtra,2014,7300,25.008,27.5822,23,1,0,paddy,5000
Maharashtra,1997,54000,24.7984,3.8366,35,0,0,paddy,57400
Maharashtra,1998,61300,25.11,12.324,40,1,0,paddy,75000
Maharashtra,1999,74300,24.654,15.8218,35,1,0,paddy,96700
Maharashtra,2000,27900,23.3424,32.6526,26,0,0,paddy,28000
Maharashtra,2001,28400,23.4468,6.3032,34,0,0,paddy,37200
Maharashtra,2002,31500,23.0008,28.6452,35,0,0,paddy,49900
Maharashtra,2003,34200,23.6762,14.473,45,0,0,paddy,50900
Maharashtra,2004,39300,23.795,1.976,55,1,0,paddy,62400
Maharashtra,2006,34100,23.7566,14.7282,65,1,0,paddy,50100
Maharashtra,2007,305,23.5421,3.185,40,1,0,paddy,570
Maharashtra,2008,34500,23.9854,7.367,58,0,0,paddy,48400
Maharashtra,2009,53500,23.481,9.5352,35,0,0,paddy,82400
Maharashtra,2010,54500,23.68,10.6468,27,0,0,paddy,89400
Maharashtra,2011,27700,23.3424,18.5116,43,1,0,paddy,40600
Maharashtra,2012,25700,23.4468,31.4254,84,0,0,paddy,28300
Maharashtra,2013,25700,23.0008,15.3686,65,0,0,paddy,40300
Maharashtra,2014,32500,23.6762,20.844,45,0,0,paddy,45300
Maharashtra,1997,148600,23.795,4.8484,65,0,0,paddy,71000
Maharashtra,1998,129900,23.7566,11.5688,45,1,0,paddy,94500
Maharashtra,1999,147800,23.74,4.4158,84,1,0,paddy,123500
Maharashtra,2000,149300,23.8436,31.9362,53,0,0,paddy,104900
Maharashtra,2001,166000,23.8246,10.9348,45,0,0,paddy,148400
Maharashtra,2002,154900,23.4992,42.34,43,0,0,paddy,143900
Maharashtra,2003,154500,24.3296,19.252,66,0,0,paddy,79500
Maharashtra,2004,156200,24.7112,4.7436,22,1,0,paddy,116300
Maharashtra,2006,165300,24.437,28.7518,37,1,0,paddy,172100
Maharashtra,2007,1440,24.6554,4.7386,74,1,0,paddy,1525
Maharashtra,2008,12700,24.9824,8.1722,65,0,0,paddy,19700
Maharashtra,2009,145100,23.685,18.3264,42,0,0,paddy,149200
Maharashtra,2010,130700,24.274,13.1274,38,0,0,paddy,98900
Maharashtra,2011,81800,23.8436,36.432,35,1,0,paddy,60100
Maharashtra,2012,93500,23.8246,47.337,45,0,0,paddy,15000
Maharashtra,2013,111400,23.4992,28.038,55,0,0,paddy,88800
Maharashtra,2014,23100,24.3296,29.5774,65,0,0,paddy,6500
Maharashtra,1997,10300,24.7112,6.1554,40,0,0,paddy,8800
Maharashtra,1998,12100,24.437,14.6522,58,1,0,paddy,13800
Maharashtra,1999,14300,23.647,9.8218,43,1,0,paddy,16800
Maharashtra,2000,11500,24.5968,39.3296,35,1,0,paddy,15100
Maharashtra,2001,11200,24.1324,19.6038,27,0,0,paddy,15200
Maharashtra,2002,9800,24.5774,44.6942,43,0,0,paddy,15600
Maharashtra,2003,10400,24.0086,6.954,84,1,0,paddy,14400
Maharashtra,2004,11800,24.654,4.2564,65,1,0,paddy,18000
Maharashtra,2006,11900,24.6848,30.838,45,0,0,paddy,16800
Maharashtra,2007,127,24.5968,9.4964,65,1,0,paddy,205
Maharashtra,2008,12700,24.1324,38.0976,45,0,0,paddy,19700
Maharashtra,2009,12800,24.0086,40.844,53,1,0,paddy,16900
Maharashtra,2010,14000,24.654,32.1944,45,1,0,paddy,22400
Maharashtra,2011,11800,24.6848,42.0102,43,0,0,paddy,19300
Maharashtra,2012,16500,24.151,36.5752,66,0,0,paddy,22200
Maharashtra,2013,20300,24.352,29.7192,22,1,0,paddy,31200
Maharashtra,2014,17100,24.9542,51.9384,37,1,0,paddy,27100
Maharashtra,1997,30200,24.692,20.712,74,1,0,paddy,6600
Maharashtra,1998,23500,24.325,34.3864,65,0,0,paddy,15300
Maharashtra,1999,25500,24.0124,24.5686,45,1,0,paddy,20200
Maharashtra,2000,26000,24.855,33.746,42,1,0,paddy,19400
Maharashtra,2001,28700,24.7532,15.013,38,0,0,paddy,17100
Maharashtra,2002,29100,24.3446,47.6166,35,0,0,paddy,20500
Maharashtra,2003,28900,24.885,14.4458,45,0,0,paddy,12500
Maharashtra,2004,31400,25.1046,12.9734,55,0,0,paddy,19300
Maharashtra,2006,31900,24.8558,34.3248,65,0,0,paddy,23600
Maharashtra,2007,292,24.855,9.253,40,1,0,paddy,280
Maharashtra,2008,27300,24.7532,10.7514,58,0,0,paddy,20800
Maharashtra,2009,29100,24.885,45.2166,35,0,0,paddy,24200
Maharashtra,2010,31400,25.1046,45.9508,27,0,0,paddy,23200
Maharashtra,2011,27100,24.8558,46.1456,43,0,0,paddy,27300
Maharashtra,2012,30100,24.5154,42.1932,84,1,0,paddy,28200
Maharashtra,2013,30100,24.682,41.6582,65,1,0,paddy,29900
Maharashtra,2014,22200,25.652,27.5016,45,1,0,paddy,8100
Maharashtra,1997,23500,25.248,8.886,65,0,0,paddy,3900
Maharashtra,1998,21500,25.6921,29.2976,45,0,0,paddy,11500
Maharashtra,1999,19300,24.689,16.2492,84,1,0,paddy,8300
Maharashtra,2000,9900,23.092,50.4328,53,0,0,paddy,2300
Maharashtra,2001,9800,23.5238,25.4156,45,0,0,paddy,4000
Maharashtra,2002,6000,23.3798,26.2664,43,0,0,paddy,2700
Maharashtra,2003,8100,24.057,14.402,66,0,0,paddy,3000
Maharashtra,2004,4800,24.5146,7.7184,22,0,0,paddy,2200
Maharashtra,2006,4100,24.472,21.3348,37,0,0,paddy,2200
Maharashtra,2007,33,23.6421,6.268,74,0,0,paddy,14
Maharashtra,2008,2200,24.686,7.6494,65,0,0,paddy,800
Maharashtra,2009,3300,24.652,36.0476,42,0,0,paddy,1700
Maharashtra,2010,3300,24.6426,15.6004,38,0,0,paddy,1500
Maharashtra,2011,2100,23.9426,19.1208,35,0,0,paddy,1500
Maharashtra,2012,2300,24.2392,50.0902,45,0,0,paddy,1600
Maharashtra,2013,1800,23.6954,32.8866,55,0,0,paddy,1500
Maharashtra,2014,1100,23.8562,24.4528,65,0,0,paddy,400
Maharashtra,1997,35200,24.82652,6.0844,40,0,0,paddy,20000
Maharashtra,1998,26600,24.3825,24.1666,58,0,0,paddy,20600
Maharashtra,1999,26500,24.3,10.9078,43,0,0,paddy,27000
Maharashtra,2000,30100,24.3758,25.3784,35,0,0,paddy,21500
Maharashtra,2001,30200,23.9694,15.277,27,0,0,paddy,31100
Maharashtra,2002,31900,24.7042,34.9258,43,1,0,paddy,32100
Maharashtra,2003,30900,24.9606,25.9488,84,1,0,paddy,31000
Maharashtra,2004,32600,24.664,9.887,65,1,0,paddy,27800
Maharashtra,2006,31700,24.5725,31.011,45,0,0,paddy,27300
Maharashtra,2007,271,23.9824,7.7904,65,0,0,paddy,236
Maharashtra,2008,27400,24.3828,37.8902,84,1,0,paddy,22100
Maharashtra,2009,29600,23.616,30.1252,53,0,0,paddy,21900
Maharashtra,2010,29200,24.3758,35.9682,45,0,0,paddy,27900
Maharashtra,2011,28200,23.9694,42.1888,43,1,0,paddy,26500
Maharashtra,2012,22600,24.7042,40.0424,66,0,0,paddy,19300
Maharashtra,2013,28800,24.9606,34.5776,22,1,0,paddy,21100
Maharashtra,2014,25600,24.664,5.1354,37,0,0,paddy,13000
Maharashtra,2000,24900,24.5865,18.8684,74,0,0,paddy,9300
Maharashtra,2001,25400,23.6825,18.5376,65,0,0,paddy,20000
Maharashtra,2002,23700,24.3048,19.8092,42,0,0,paddy,21900
Maharashtra,2003,24200,24.2244,8.2822,38,1,0,paddy,20100
Maharashtra,2004,28500,24.2972,0.858,35,1,0,paddy,22900
Maharashtra,2006,31400,23.6977,12.9408,45,0,0,paddy,25300
Maharashtra,2007,283,23.8957,2.1644,55,1,0,paddy,358
Maharashtra,2008,27100,24.9858,10.9874,40,0,0,paddy,29200
Maharashtra,2009,29700,23.6768,5.5676,58,0,0,paddy,33700
Maharashtra,2010,32700,24.3048,8.2148,43,1,0,paddy,41000
Maharashtra,2011,23400,24.2244,16.9656,35,1,0,paddy,30400
Maharashtra,2012,25900,24.2972,12.614,27,0,0,paddy,28300
Maharashtra,2013,21100,24.6825,14.9272,43,0,0,paddy,29000
Maharashtra,2014,14300,24.2347,16.8908,84,0,0,paddy,18000
Maharashtra,1997,35300,24.352,4.1666,65,0,0,paddy,22600
Maharashtra,1998,33000,23.9878,13.7928,45,1,0,paddy,29100
Maharashtra,1999,33000,23.8506,0.7916,85,0,0,paddy,23200
Maharashtra,2000,15200,23.7182,41.1766,87,0,0,paddy,8000
Maharashtra,2001,19100,23.3622,6.1534,20,0,0,paddy,10300
Maharashtra,2002,10100,23.6562,27.7342,36,0,0,paddy,5300
Maharashtra,2003,9600,24.2926,7.6874,43,0,0,paddy,4400
Maharashtra,2004,10500,23.8596,1.7728,54,0,0,paddy,5500
Maharashtra,2006,12000,23.8506,17.3228,33,0,0,paddy,8400
Maharashtra,2007,85,23.7182,2.1096,52,0,0,paddy,50
Maharashtra,2008,8900,23.6562,24.9688,79,0,0,paddy,5200
Maharashtra,2009,9500,24.2926,11.2084,40,0,0,paddy,7100
Maharashtra,2010,13500,23.8596,10.6306,79,0,0,paddy,9500
Maharashtra,2011,7000,23.9845,23.209,54,0,0,paddy,5000
Maharashtra,2012,3000,23.968471,15.0604,34,0,0,paddy,2400
Maharashtra,2013,8400,24.0124,18.1432,36,0,0,paddy,5500
Maharashtra,2014,5100,23.89855,24.5266,23,0,0,paddy,3700
Maharashtra,1997,210300,24.0001,6.9904,50,0,0,paddy,33700
Maharashtra,1998,186700,23.9987,19.3804,47,0,0,paddy,147900
Maharashtra,1999,213500,25.103,1.664,30,0,0,paddy,181600
Maharashtra,2000,226600,24.8866,40.4944,48,0,0,paddy,179400
Maharashtra,2001,253600,24.5222,16.6142,24,0,0,paddy,171300
Maharashtra,2002,251400,24.9576,52.2806,51,0,0,paddy,146000
Maharashtra,2003,282200,25.2064,8.0644,36,0,0,paddy,39600
Maharashtra,2004,255700,25.0026,12.6132,35,0,0,paddy,144500
Maharashtra,2006,237500,25.103,35.2414,51,0,0,paddy,173700
Maharashtra,2007,2521,24.8866,8.826,38,0,0,paddy,2205
Maharashtra,2008,286600,24.9576,42.3728,44,0,0,paddy,236000
Maharashtra,2009,264900,25.2064,45.7768,32,0,0,paddy,216000
Maharashtra,2010,269100,25.0026,44.4048,39,0,0,paddy,201300
Maharashtra,2011,248500,24.98858,46.2048,48,0,0,paddy,179500
Maharashtra,2012,245300,25.3571,42.0702,34,0,0,paddy,95300
Maharashtra,2013,199100,25.1012,41.7748,36,0,0,paddy,167400
Maharashtra,2014,215900,25.0142,31.7356,23,0,0,paddy,74500
Maharashtra,1997,171300,24.9828,11.0134,50,0,0,paddy,57500
Maharashtra,1998,148300,24.982,34.3636,47,0,0,paddy,72400
Maharashtra,1999,138900,23.9736,14.0676,30,0,0,paddy,109000
Maharashtra,2000,156100,23.9796,27.8334,48,1,0,paddy,110100
Maharashtra,2001,167700,23.6272,12.311,24,0,0,paddy,138700
Maharashtra,2002,173700,24.3544,41.0912,51,1,0,paddy,132700
Maharashtra,2003,179000,24.6396,21.3902,36,1,0,paddy,108400
Maharashtra,2004,175200,24.4478,7.329,35,0,0,paddy,72300
Maharashtra,2006,182400,23.9736,32.6348,51,1,0,paddy,160400
Maharashtra,2007,1606,23.9796,6.072,38,0,0,paddy,1585
Maharashtra,2008,171000,24.3544,39.8192,44,1,0,paddy,145300
Maharashtra,2009,172500,24.6396,24.3852,32,0,0,paddy,143400
Maharashtra,2010,161700,24.4478,43.6734,39,1,0,paddy,67200
Maharashtra,2011,160200,24.2141,44.3724,31,1,0,paddy,124300
Maharashtra,2012,183200,24.01241,31.7748,20,1,0,paddy,135300
Maharashtra,2013,255900,24.1245,29.9194,29,0,0,paddy,162200
Maharashtra,2014,176600,24.3525,5.562,29,1,0,paddy,87900
Maharashtra,1997,510800,24.582,16.827,26,1,0,paddy,235000
Maharashtra,1998,387500,23.9985,6.4505,33,0,0,paddy,207700
Maharashtra,1999,483000,23.9892,49.832,39,0,0,paddy,343000
Maharashtra,2000,487800,23.602,9.9636,85,1,0,paddy,202800
Maharashtra,2001,487800,23.6728,43.3456,87,0,0,paddy,235700
Maharashtra,2002,462600,23.3448,2.774,20,0,0,paddy,160400
Maharashtra,2003,262500,23.971,4.992,36,0,0,paddy,63800
Maharashtra,2004,428100,24.0096,31.8174,43,1,0,paddy,227800
Maharashtra,2006,455600,23.9892,4.0292,54,0,0,paddy,233300
Maharashtra,2007,4002,23.985,9.2122,33,1,0,paddy,2155
Maharashtra,2008,427900,23.8784,26.33,80,0,0,paddy,274600
Maharashtra,2009,426500,23.971,17.9882,79,1,0,paddy,314800
Maharashtra,2010,448500,24.0096,38.2936,40,1,0,paddy,330800
Maharashtra,2011,173600,24.101,23.3434,79,0,0,paddy,101100
Maharashtra,2012,177100,24.12334,30.4006,54,0,0,paddy,87000
Maharashtra,2013,251600,23.9828,36.4054,34,1,0,paddy,158800
Maharashtra,2014,268300,23.87258,12.3754,36,0,0,paddy,131700
Maharashtra,1997,140300,23.792,31.8602,23,1,0,paddy,82500
Maharashtra,1998,141600,24.014,4.6484,50,1,0,paddy,79300
Maharashtra,1999,151000,24.9829,44.1356,47,0,0,paddy,121000
Maharashtra,2000,155000,24.5648,18.56316,30,1,0,paddy,82100
Maharashtra,2001,159500,24.4466,47.7694,48,0,0,paddy,103100
Maharashtra,2002,120800,24.6152,5.0956,24,0,0,paddy,45400
Maharashtra,2003,152500,24.9394,7.4986,51,0,0,paddy,33700
Maharashtra,2004,153200,24.9788,35.3404,36,1,0,paddy,81300
Maharashtra,2006,139600,24.9829,13.115,35,1,0,paddy,82000
Maharashtra,2007,1386,24.5648,29.9896,51,0,0,paddy,902
Maharashtra,2008,172800,24.6152,43.4702,44,0,0,paddy,100800
Maharashtra,2009,186100,24.9394,36.8396,44,0,0,paddy,111700
Maharashtra,2010,180600,24.9788,45.661,32,1,0,paddy,103000
Maharashtra,2011,177200,24.9829,40.5362,39,0,0,paddy,41900
Maharashtra,2012,186400,24.5648,36.3596,48,0,0,paddy,43900
Maharashtra,2013,217600,24.4466,47.9198,34,1,0,paddy,124500
Maharashtra,2014,193200,24.6152,18.339,36,0,0,paddy,130000
Maharashtra,1997,144000,24.9394,38.3928,23,0,0,paddy,86900
Maharashtra,1998,141300,24.9788,19.757,50,1,0,paddy,143900
Maharashtra,1999,146100,25.1142,54.723,47,0,0,paddy,133900
Maharashtra,2000,143500,24.6718,15.8006,30,0,0,paddy,73200
Maharashtra,2001,150600,24.5196,49.0376,48,0,0,paddy,96700
Maharashtra,2002,133000,24.7168,2.8464,24,0,0,paddy,57700
Maharashtra,2003,66200,25.0586,5.9594,51,0,0,paddy,41000
Maharashtra,2004,151000,25.1164,37.2128,36,0,0,paddy,130100
Maharashtra,2006,144100,25.1142,8.0738,35,0,0,paddy,115800
Maharashtra,2007,975,24.6718,20.8438,51,0,0,paddy,1001
Maharashtra,2008,164800,24.7168,36.1714,44,0,0,paddy,131000
Maharashtra,2009,134400,25.0586,26.4202,44,0,0,paddy,120500
Maharashtra,2010,133800,25.1164,44.4474,32,0,0,paddy,105200
Maharashtra,2011,139900,24.6828,31.7816,39,0,0,paddy,86800
Maharashtra,2012,123600,24.682,35.6638,31,0,0,paddy,70700
Maharashtra,2013,138000,25.1241,45.8146,20,0,0,paddy,112200
Maharashtra,2014,145600,25.0124,17.3788,29,0,0,maize,127100
Maharashtra,1997,726300,24.9824,38.8088,29,0,0,maize,156700
Maharashtra,1998,481600,24.9682,11.5472,26,0,0,maize,224800
Maharashtra,1999,699900,24.6776,44.4164,33,1,0,maize,353800
Maharashtra,2000,636700,24.3618,15.8814,39,0,0,maize,285200
Maharashtra,2001,712900,24.084,51.2438,37,0,0,maize,313800
Maharashtra,2002,672100,24.4,4.7224,74,0,0,maize,225400
Maharashtra,2003,613700,24.6742,11.1808,65,0,0,maize,28600
Maharashtra,2004,686900,24.5532,35.7522,45,0,0,maize,302600
Maharashtra,2006,711300,24.6776,10.2246,42,1,0,maize,342200
Maharashtra,2007,6178,24.3618,16.4118,38,1,0,maize,3515
Maharashtra,2008,687500,24.4,45.1206,45,0,0,maize,406000
Maharashtra,2009,657600,24.6742,41.8006,55,0,0,maize,400700
Maharashtra,2010,641200,24.5532,46.2974,65,0,0,maize,380600
Maharashtra,2011,482600,24.6824,41.8904,40,0,0,maize,193000
Maharashtra,2012,480700,24.935,40.4578,58,1,0,maize,132900
Maharashtra,2013,565800,24.9824,36.9098,43,0,0,maize,304500
Maharashtra,2014,622800,24.58474,13.7076,35,1,0,maize,354100
Maharashtra,1997,2000,25.001,37.0666,27,0,0,maize,500
Maharashtra,1998,2000,24.6871,14.3076,43,1,0,maize,700
Maharashtra,1999,2100,23.9512,41.8078,84,0,0,maize,900
Maharashtra,2000,1800,24.0012,18.937,65,0,0,maize,500
Maharashtra,2001,1700,23.654,26.7146,45,0,0,maize,800
Maharashtra,2002,700,23.145,18.4934,65,0,0,maize,200
Maharashtra,2003,500,23.9512,6.8876,45,0,0,maize,200
Maharashtra,2004,600,24.0012,21.0326,84,0,0,maize,200
Maharashtra,2006,500,23.145,7.377,45,0,0,maize,200
Maharashtra,2007,6,24.0185,23.1862,43,0,0,maize,3
Maharashtra,2008,300,23.9578,27.7986,66,0,0,maize,100
Maharashtra,2009,1300,24.0154,16.6572,22,0,0,maize,700
Maharashtra,2010,1200,24.1352,23.5486,37,0,0,maize,700
Maharashtra,2011,600,24.252,47.8628,74,0,0,maize,300
Maharashtra,2012,800,23.6156,41.8078,65,0,0,maize,800
Maharashtra,2013,3500,23.83,18.937,45,0,0,maize,2200
Maharashtra,2014,2400,23.6184,26.7146,42,0,0,maize,1100
Maharashtra,1999,1600,24.414,18.4934,38,0,0,maize,1000
Maharashtra,2000,1500,24.8154,6.8876,35,0,0,maize,1000
Maharashtra,2001,1300,24.676,21.0326,45,0,0,maize,1400
Maharashtra,2002,900,23.6156,5.5586,55,0,0,maize,700
Maharashtra,2003,700,23.83,7.377,65,0,0,maize,500
Maharashtra,2004,600,24.414,27.7986,58,0,0,maize,200
Maharashtra,2006,800,24.8154,16.6572,43,0,0,maize,700
Maharashtra,2007,7,24.676,23.5486,35,0,0,maize,8
Maharashtra,2008,300,24.145,47.8628,27,0,0,maize,300
Maharashtra,2009,200,24.6541,29.4564,43,0,0,maize,200
Maharashtra,2010,300,23.9952,23.512,84,0,0,maize,300
Maharashtra,2011,300,24.2521,3.8814,65,0,0,maize,300
Maharashtra,2012,300,24.625,20.005,45,0,0,maize,200
Maharashtra,2013,400,22.796,11.9104,85,0,0,maize,300
Maharashtra,2014,1600,24.3842,32.0978,87,0,0,maize,1300
Maharashtra,1998,100,23.6184,29.223,20,0,0,maize,100
Maharashtra,2000,100,24.0032,5.7468,36,0,0,maize,100
Maharashtra,2001,100,22.796,30.3828,43,0,0,maize,100
Maharashtra,2002,100,24.3842,4.1708,37,0,0,maize,100
Maharashtra,2003,33300,24.0032,39.626,65,0,0,maize,12800
Maharashtra,2010,100,24.3521,8.1252,45,0,0,maize,100
Maharashtra,2011,100,24.3241,15.6864,42,0,0,maize,100
Maharashtra,2012,200,24.256,14.4954,38,0,0,maize,200
Maharashtra,2014,4000,23.982,16.6572,35,0,0,maize,3300
Maharashtra,1997,274100,26.11,179.562,60,1,0,maize,152800
Maharashtra,1998,302400,26.01,158.94,54,0,0,maize,243900
Maharashtra,1999,310600,26.67,88.113,71,0,0,maize,178300
Maharashtra,2000,326100,26.1,374.876,51,1,0,maize,187300
Maharashtra,2001,194400,25.54,209.503,73,0,0,maize,82000
Maharashtra,2002,218400,25.75,282.84,64,1,0,maize,158900
Maharashtra,2003,204100,25.994,240.383,56,0,0,maize,70800
Maharashtra,2004,240500,27,146.649,79,0,0,maize,143400
Maharashtra,2005,217700,26.54,240.257,65,0,0,maize,54800
Maharashtra,2006,243900,25.39,318.179,47,0,0,maize,148900
Maharashtra,2007,2326,27.68,288.451,66,0,0,maize,1741
Maharashtra,2008,128200,26.14,297.622,60,0,0,maize,92400
Maharashtra,2009,190700,27.3,213.733,81,1,0,maize,115400
Maharashtra,2010,196000,25.9,273.383,57,0,0,maize,186800
Maharashtra,2011,184700,25.78,143.288,74,1,0,maize,179500
Maharashtra,2012,160500,25.92,153.915,59,0,0,maize,55400
Maharashtra,2013,181800,27.89,127.43,73,0,0,maize,188200
Maharashtra,2014,186000,25.25,40.453,66,1,0,maize,107700
Maharashtra,1997,5600,27.66,225.335,64,0,0,maize,2400
Maharashtra,1998,5600,27.2,345.527,70,0,0,maize,2900
Maharashtra,1999,2300,28.66,71.054,74,0,0,maize,1200
Maharashtra,2000,2500,28,363.935,48,0,0,maize,1500
Maharashtra,2001,2300,26.86,94.738,68,0,0,maize,800
Maharashtra,2002,2400,26.66,205.026,47,0,0,maize,1600
Maharashtra,2003,1900,27.34,178.771,67,0,0,maize,900
Maharashtra,2004,1400,28.7,71.845,62,0,0,maize,600
Maharashtra,2005,1400,28.51,235.287,59,0,0,maize,700
Maharashtra,2006,1100,26.52,157.128,49,0,0,maize,600
Maharashtra,2007,9,29.16,370.269,50,0,0,maize,5
Maharashtra,2008,900,28.3,247.047,57,0,0,maize,500
Maharashtra,2009,600,27.25,151.123,70,0,0,maize,400
Maharashtra,2010,600,29.2,149.136,77,0,0,maize,300
Maharashtra,2011,500,27.21,156.08,70,0,0,maize,300
Maharashtra,2012,500,27.57,198.556,61,0,0,maize,300
Maharashtra,2013,200,27.25,50.113,67,0,0,maize,100
Maharashtra,2014,300,27.26,31.866,68,0,0,maize,100
Maharashtra,1997,1700,28.26,96.984,53,0,0,maize,700
Maharashtra,1998,1900,27.94,373.081,59,1,0,maize,1000
Maharashtra,1999,1000,29.6,116.511,69,1,0,maize,500
Maharashtra,2000,900,28.82,259.475,52,1,0,maize,500
Maharashtra,2001,1000,27.72,194.961,64,1,0,maize,400
Maharashtra,2002,800,27.43,79.776,71,1,0,maize,500
Maharashtra,2003,800,28.309,255.032,48,1,0,maize,400
Maharashtra,2004,700,29.38,240.813,55,1,0,maize,400
Maharashtra,2005,300,29.19,396.967,72,0,0,maize,100
Maharashtra,2006,200,27.23,256.748,58,0,0,maize,100
Maharashtra,2007,2,29.84,177.96,31,0,0,maize,1
Maharashtra,2008,300,29.1,158.635,61,1,0,maize,200
Maharashtra,2009,200,27.993,196.633,63,0,0,maize,200
Maharashtra,2010,300,29.86,273.619,36,1,0,maize,200
Maharashtra,2011,300,27.77,88.178,45,1,0,maize,200
Maharashtra,2012,300,28.23,44.144,64,0,0,maize,200
Maharashtra,1997,130800,26.76,131.007,68,0,0,maize,103400
Maharashtra,1998,131000,26.61,163.644,57,0,0,maize,116600
Maharashtra,1999,138600,27.66,60,67,0,0,maize,123300
Maharashtra,2000,161000,26.6,246.913,61,0,0,maize,120100
Maharashtra,2001,137400,26.27,100.901,71,0,0,maize,86700
Maharashtra,2002,149900,25.97,174.345,52,0,0,maize,131100
Maharashtra,2003,128700,26.66,156.388,51,0,0,maize,110200
Maharashtra,2004,128900,27.79,81.429,64,0,0,maize,107900
Maharashtra,2005,131400,27.4,169.093,66,0,0,maize,150000
Maharashtra,2006,123100,26.13,172.771,70,0,0,maize,139400
Maharashtra,2007,1111,28.33,226.095,63,0,0,maize,1362
Maharashtra,2008,109100,32,211.32,57,0,0,maize,103500
Maharashtra,2009,122400,26.62,143.606,61,0,0,maize,121800
Maharashtra,2010,89800,27.99,151.874,78,0,0,maize,126500
Maharashtra,2011,68500,26.49,97.13,54,0,0,maize,87800
Maharashtra,2012,68500,26.74,117.923,72,0,0,maize,44500
Maharashtra,2013,31000,26.29,69.595,76,0,0,maize,38000
Maharashtra,2014,45300,26.64,23.734,73,0,0,maize,24200
Maharashtra,1997,176800,26.86,134.234,75,0,0,maize,91100
Maharashtra,1998,176800,27.1,129.832,55,0,0,maize,116600
Maharashtra,1999,181500,27.76,67.513,62,0,0,maize,124300
Maharashtra,2000,213600,28.34,255.257,66,0,0,maize,170500
Maharashtra,2001,151400,26.404,174.092,63,0,0,maize,74400
Maharashtra,2002,187100,26.526,159.085,76,0,0,maize,156900
Maharashtra,2003,180500,27.01,133.686,62,0,0,maize,100200
Maharashtra,2004,176200,28.25,81.695,80,0,0,maize,109100
Maharashtra,2005,191300,27.87,151.213,67,0,0,maize,129300
Maharashtra,2006,184100,26.48,168.871,62,0,0,maize,154100
Maharashtra,2007,1621,27.12,200.043,57,0,0,maize,1165
Maharashtra,2008,135000,28.3,166.506,81,0,0,maize,98100
Maharashtra,2009,131700,26.67,124.321,81,0,0,maize,103300
Maharashtra,2010,122500,27.53,165.782,60,0,0,maize,112800
Maharashtra,2011,107100,26.4,107.118,68,0,0,maize,108900
Maharashtra,2012,107100,26.635,106.16,48,0,0,maize,69000
Maharashtra,2013,122100,26.438,59.893,80,0,0,maize,130300
Maharashtra,2014,127100,27.189,32.847,55,0,0,maize,56200
Maharashtra,1997,9200,27.31,181.976,75,0,0,maize,3900
Maharashtra,1998,5500,26.86,267.372,47,1,0,maize,2900
Maharashtra,1999,7500,28.01,64.904,47,0,0,maize,3800
Maharashtra,2000,7900,26.92,309.201,71,0,0,maize,4900
Maharashtra,2001,7800,26.52,93.799,59,0,0,maize,2900
Maharashtra,2002,5700,26.04,184.947,61,1,0,maize,3600
Maharashtra,2003,4200,27.1,165.86,52,0,0,maize,1900
Maharashtra,2004,4200,27.979,73.437,47,0,0,maize,1900
Maharashtra,2005,4200,27.745,204.44,62,0,0,maize,2100
Maharashtra,2006,3700,26.636,154.723,72,1,0,maize,1800
Maharashtra,2007,30,28.86,305.926,63,0,0,maize,16
Maharashtra,2008,3700,27.558,228.754,78,0,0,maize,2000
Maharashtra,2009,3500,26.726,144.544,74,0,0,maize,2600
Maharashtra,2010,3600,28.219,145.745,62,0,0,maize,1900
Maharashtra,2011,3300,26.598,127.978,75,1,0,maize,2100
Maharashtra,2012,1900,26.85,160.046,65,0,0,maize,2100
Maharashtra,2013,3500,26.35,54.602,74,0,0,maize,2300
Maharashtra,2014,1700,27.121,27.625,77,0,0,maize,300
Maharashtra,1997,172500,26.709,282.072,74,0,0,maize,160300
Maharashtra,1998,174100,25.983,342.377,78,0,0,maize,184800
Maharashtra,1999,107000,27.269,190.618,80,0,0,maize,49200
Maharashtra,2000,108400,27,520.935,46,0,0,maize,41200
Maharashtra,2001,143100,26.186,221.975,67,0,0,wheat,130300
Maharashtra,2002,143800,26.1,421.045,78,0,0,wheat,104100
Maharashtra,2003,145700,27.12,478.088,49,0,0,wheat,158200
Maharashtra,2004,138000,27.586,230.293,46,0,0,wheat,142700
Maharashtra,2005,130600,27.223,493.633,51,0,0,wheat,80700
Maharashtra,2006,130000,26.271,442.532,70,0,0,wheat,119100
Maharashtra,2007,1045,27.76,542.83,71,0,0,wheat,1191
Maharashtra,2008,124700,26.79,697.789,67,0,0,wheat,49600
Maharashtra,2009,104900,26.612,469.163,53,0,0,wheat,99800
Maharashtra,2010,109400,28.404,408.756,72,0,0,wheat,171300
Maharashtra,2011,112500,26.09,228.785,61,0,0,wheat,123200
Maharashtra,2012,130800,26.237,344.17,74,0,0,wheat,116100
Maharashtra,2013,99900,25.229,230.435,47,0,0,wheat,132900
Maharashtra,2014,116800,26.62,55.902,80,0,0,wheat,97500
Maharashtra,1999,400,27.708,174.49,44,1,0,wheat,200
Maharashtra,2000,400,27.18,165.617,57,0,0,wheat,200
Maharashtra,2001,400,28.397,83.885,60,0,0,wheat,200
Maharashtra,2002,600,28.276,218.618,39,0,0,wheat,500
Maharashtra,2003,1100,26.008,169.872,54,0,0,wheat,700
Maharashtra,2004,800,29.5,329.988,58,0,0,wheat,400
Maharashtra,2005,300,28.083,214.459,70,0,0,wheat,100
Maharashtra,2006,300,27.48,145.71,66,0,0,wheat,200
Maharashtra,2007,2,29,183.235,46,0,0,wheat,1
Maharashtra,2008,200,27.002,162.181,72,0,0,wheat,100
Maharashtra,2009,300,27.276,175.134,43,0,0,wheat,100
Maharashtra,2010,200,27.376,49.673,43,0,0,wheat,200
Maharashtra,2011,200,27.344,43.103,54,0,0,wheat,200
Maharashtra,1997,78000,27.07,154.839,76,1,0,wheat,90400
Maharashtra,1998,71800,26.565,229.106,50,1,0,wheat,80500
Maharashtra,1999,67300,28.522,92.023,61,1,0,wheat,68600
Maharashtra,2000,63800,28.02,274.215,61,1,0,wheat,35700
Maharashtra,2001,62500,26.981,92.154,77,0,0,wheat,54000
Maharashtra,2002,63600,26.53,202.2,60,1,0,wheat,64700
Maharashtra,2003,61700,27.672,211.155,55,1,0,wheat,63800
Maharashtra,2004,58600,28.372,94.479,46,1,0,wheat,57100
Maharashtra,2005,60100,27.952,229.302,65,1,0,wheat,44300
Maharashtra,2006,52700,26.341,184.183,75,1,0,wheat,55900
Maharashtra,2007,465,29.58,301.99,64,0,0,wheat,537
Maharashtra,2008,33000,28.42,321.208,52,0,0,wheat,33800
Maharashtra,2009,33200,28.12,216.288,76,0,0,wheat,36100
Maharashtra,2010,35800,29.127,169.731,67,1,0,wheat,49800
Maharashtra,2011,16900,27.3213,112.986,46,0,0,wheat,24100
Maharashtra,2012,17600,27.2,161.711,81,0,0,wheat,18200
Maharashtra,2013,17700,27.681,87.693,71,0,0,wheat,20800
Maharashtra,2014,19000,27,26.124,77,0,0,wheat,23200
Maharashtra,1997,70300,26.584,140.829,60,0,0,wheat,54800
Maharashtra,1998,80800,27.121,179.964,69,0,0,wheat,64400
Maharashtra,1999,84800,28.33,50.226,77,0,0,wheat,61700
Maharashtra,2000,93200,26.354,254.841,59,0,0,wheat,76200
Maharashtra,2001,76700,26.587,102.709,58,0,0,wheat,54900
Maharashtra,2002,86400,26.136,159.043,47,0,0,wheat,83900
Maharashtra,2003,74500,26.755,132.825,76,0,0,wheat,75600
Maharashtra,2004,73300,27.99,68.956,54,0,0,wheat,65100
Maharashtra,2005,76200,28.77,156.122,74,0,0,wheat,77300
Maharashtra,2006,72800,26.63,150.109,64,0,0,wheat,76600
Maharashtra,2007,517,29,225.212,55,0,0,wheat,554
Maharashtra,2008,31800,28.02,169.422,64,0,0,wheat,21900
Maharashtra,2009,39100,27.21,111.774,63,0,0,wheat,36400
Maharashtra,2010,41300,29.301,136.336,55,0,0,wheat,44300
Maharashtra,2011,26400,26.496,102.522,72,0,0,wheat,27200
Maharashtra,2012,26100,26.894,116.792,72,0,0,wheat,14200
Maharashtra,2013,16700,26.42,51.883,80,0,0,wheat,20100
Maharashtra,2014,23300,27.191,24.548,59,0,0,wheat,7700
Maharashtra,1997,100,24.977,519.603,91,0,0,wheat,100
Maharashtra,1998,100,25.558,362.91,93,0,0,wheat,100
Maharashtra,1999,100,24.5,140.215,90,0,0,wheat,100
Maharashtra,1997,8500,26.562,140.222,69,0,0,wheat,3000
Maharashtra,1998,9900,27.165,118.311,62,0,0,wheat,4700
Maharashtra,1999,10100,27.273,96.212,75,0,0,wheat,5700
Maharashtra,2000,10100,27.5,255.799,46,0,0,wheat,7700
Maharashtra,2001,9500,26.768,247.331,53,0,0,wheat,3100
Maharashtra,2002,9300,26.481,140.613,59,0,0,wheat,5700
Maharashtra,2003,8100,27.222,130.581,71,0,0,wheat,3600
Maharashtra,2004,7400,28.005,83.026,57,0,0,wheat,3900
Maharashtra,2005,6000,27.765,156.399,82,0,0,wheat,3300
Maharashtra,2006,5900,27,152.076,77,0,0,wheat,2400
Maharashtra,2007,56,29.293,199.799,54,0,0,wheat,31
Maharashtra,2008,5000,28.302,173.945,48,0,0,wheat,2300
Maharashtra,2009,4000,27.531,142.485,45,0,0,wheat,1500
Maharashtra,2010,4300,27.953,179.184,68,0,0,wheat,2200
Maharashtra,2011,3800,26.873,120.063,50,0,0,wheat,2100
Maharashtra,2012,3800,26.613,111.489,61,0,0,wheat,2700
Maharashtra,2013,2700,26.993,54.11,60,0,0,wheat,1300
Maharashtra,2014,2500,27.654,43.285,49,0,0,wheat,400
Maharashtra,1997,100,29.11,236.094,88,0,0,wheat,100
Maharashtra,1998,100,30.07,280.594,81,0,0,wheat,100
Maharashtra,1999,100,28.5,339.285,85,0,0,wheat,100
Maharashtra,1997,700,28.517,191.843,42,0,0,wheat,300
Maharashtra,1998,300,27.135,387.2,56,1,0,wheat,200
Maharashtra,1999,300,26.41,570.845,46,1,0,wheat,200
Maharashtra,2000,200,29.259,395.459,61,1,0,wheat,100
Maharashtra,2001,500,28.1,270.333,62,1,0,wheat,200
Maharashtra,2002,700,27.22,223.546,59,1,0,wheat,500
Maharashtra,2003,600,29.102,212.068,71,1,0,wheat,300
Maharashtra,2004,200,26.92,254.845,43,1,0,wheat,100
Maharashtra,2005,100,26.912,375.5,64,0,0,wheat,100
Maharashtra,2007,6,27.223,223.499,54,1,0,wheat,3
Maharashtra,2008,200,27.7,109.182,50,0,0,wheat,100
Maharashtra,2000,15900,29.132,774.657,79,0,0,wheat,6600
Maharashtra,2001,16600,27.696,354.384,75,1,0,wheat,18100
Maharashtra,2002,16600,27.78,589.932,80,0,0,wheat,11800
Maharashtra,2003,19100,27.631,727.93,50,0,0,wheat,19500
Maharashtra,2004,17100,28.698,355.993,57,1,0,wheat,9700
Maharashtra,2005,13500,28.521,774.249,83,0,0,wheat,10300
Maharashtra,2006,13200,27.754,676.011,66,1,0,wheat,8300
Maharashtra,2007,147,28.072,738.215,65,0,0,wheat,211
Maharashtra,2008,15000,27.998,987.536,77,1,0,wheat,21200
Maharashtra,2009,15600,27.414,629.843,72,1,0,wheat,12800
Maharashtra,2010,16200,29.516,651.065,79,1,0,wheat,24100
Maharashtra,2011,12600,27.535,381.251,51,1,0,wheat,15300
Maharashtra,2012,12200,26.86,582.678,76,0,0,wheat,16000
Maharashtra,2013,4500,26.524,362.551,78,1,0,wheat,5400
Maharashtra,2014,6200,27.884,89.817,84,0,0,wheat,3200
Maharashtra,1997,363100,26.488,334.797,64,1,0,wheat,227800
Maharashtra,1998,387500,26.321,270.123,56,0,0,wheat,403300
Maharashtra,1999,360500,27.099,176.332,75,1,0,wheat,211900
Maharashtra,2000,346500,26.059,676.749,47,0,0,wheat,186900
Maharashtra,2001,324200,26.288,362.812,48,0,0,wheat,179900
Maharashtra,2002,320300,26.337,533.661,65,0,0,wheat,258500
Maharashtra,2003,316800,26.584,537.357,47,0,0,wheat,196700
Maharashtra,2004,315200,27.351,304.819,60,0,0,wheat,244500
Maharashtra,2005,282900,27.54,539.482,53,0,0,wheat,215900
Maharashtra,2006,258500,26.02,630.769,56,0,0,wheat,187300
Maharashtra,2007,2158,28.56,541.375,72,0,0,wheat,2395
Maharashtra,2008,197900,26.879,679.109,47,1,0,wheat,191000
Maharashtra,2009,171900,26.359,458.988,81,1,0,wheat,129500
Maharashtra,2010,171200,27.45,558.734,75,1,0,wheat,216300
Maharashtra,2011,165900,26.057,287.551,80,1,0,wheat,170100
Maharashtra,2012,154800,26.373,370.646,56,1,0,wheat,124800
Maharashtra,2013,149600,26.118,291.388,78,0,0,wheat,167500
Maharashtra,2014,152700,26.648,75.62,72,0,0,wheat,108900
Maharashtra,1997,16800,27.351,118.319,56,1,0,wheat,5200
Maharashtra,1998,17600,27.292,85.043,54,1,0,wheat,8600
Maharashtra,1999,19100,28.035,83.613,72,0,0,wheat,8000
Maharashtra,2000,19700,26.835,229.662,65,1,0,wheat,10600
Maharashtra,2001,18500,26.741,221.121,46,0,0,wheat,5500
Maharashtra,2002,20500,26.455,140.024,77,1,0,wheat,8300
Maharashtra,2003,19700,26.529,127.041,79,1,0,wheat,5500
Maharashtra,2004,19200,27.993,84.288,73,0,0,wheat,6600
Maharashtra,2005,20100,28.146,140.89,78,1,0,wheat,8500
Maharashtra,2006,20000,26.702,162.943,59,0,0,wheat,10200
Maharashtra,2007,206,29.1,168.604,57,0,0,wheat,102
Maharashtra,2008,17100,27.8,161.524,68,0,0,wheat,7700
Maharashtra,2009,17600,27.332,133.706,61,1,0,wheat,8000
Maharashtra,2010,16600,28.134,173.179,60,0,0,wheat,6700
Maharashtra,2011,16800,27,104.596,74,1,0,wheat,9400
Maharashtra,2012,17200,26.707,94.283,58,1,0,wheat,5200
Maharashtra,2013,17700,26.808,60.38,70,0,0,wheat,12000
Maharashtra,2014,17700,27.602,37.87,46,1,0,wheat,4400
Maharashtra,1997,8800,26.584,164.42,72,0,0,wheat,4000
Maharashtra,1998,8200,26.745,191.302,68,0,0,wheat,4800
Maharashtra,1999,7400,27.535,72.513,81,0,0,wheat,5200
Maharashtra,2000,9200,27.25,290.203,45,0,0,wheat,6000
Maharashtra,2001,9600,26.598,174.163,64,0,0,wheat,4300
Maharashtra,2002,9800,26.159,161.734,73,0,0,wheat,8300
Maharashtra,2003,9700,26.451,137.657,58,0,0,wheat,7100
Maharashtra,2004,10500,27.868,75.838,52,0,0,wheat,5900
Maharashtra,2005,6500,26.976,171.78,50,0,0,wheat,4200
Maharashtra,2006,6700,26.4,153.688,49,0,0,wheat,3800
Maharashtra,2007,63,29.208,246.88,66,0,0,wheat,43
Maharashtra,2008,6200,27.363,176.259,51,0,0,wheat,4500
Maharashtra,2009,6500,27,125.308,52,0,0,wheat,3400
Maharashtra,2010,7500,27.856,160.994,80,0,0,wheat,4900
Maharashtra,2011,5400,26.475,125.953,49,0,0,wheat,5000
Maharashtra,2012,5600,28.655,131.395,59,0,0,wheat,4000
Maharashtra,2013,3200,26.665,49.307,50,0,0,wheat,2000
Maharashtra,2014,4200,27.242,35.75,46,0,0,wheat,400
Maharashtra,1997,135700,25.127,325.191,47,0,0,wheat,112000
Maharashtra,1998,150000,25.332,202.57,69,1,0,wheat,110900
Maharashtra,1999,159900,26.105,172.864,68,0,0,wheat,118100
Maharashtra,2000,160400,26.019,740.613,57,1,0,wheat,104600
Maharashtra,2001,113200,25.328,484.451,60,0,0,wheat,85600
Maharashtra,2002,123900,24.794,583.557,66,1,0,wheat,86500
Maharashtra,2003,97000,25.1,479.719,75,0,0,wheat,67600
Maharashtra,2004,116800,26.308,321.551,45,0,0,wheat,84800
Maharashtra,2005,125300,25.365,450.088,50,0,0,wheat,90400
Maharashtra,2006,128900,24.497,707.986,77,0,0,wheat,81300
Maharashtra,2007,1127,26.87,501.461,72,1,0,wheat,982
Maharashtra,2008,34500,26,558.586,54,0,0,wheat,27000
Maharashtra,2009,46000,25.798,422.913,77,0,0,wheat,33900
Maharashtra,2010,48600,26.024,590.663,74,1,0,wheat,43000
Maharashtra,2011,50700,25.139,277.137,47,1,0,wheat,40700
Maharashtra,2012,36000,25.417,265.417,58,1,0,wheat,16700
Maharashtra,2013,49800,25.351,279.547,46,1,0,wheat,41600
Maharashtra,2014,31500,25.859,84.936,80,0,0,wheat,26300
Maharashtra,1997,98800,24.986,276.782,64,0,0,wheat,51600
Maharashtra,1998,100600,25.657,200.538,53,0,0,wheat,53400
Maharashtra,1999,102600,25.96,201.034,56,0,0,wheat,56400
Maharashtra,2000,105300,25.65,589.981,55,0,0,wheat,44600
Maharashtra,2001,42500,25,483.664,61,1,0,wheat,7600
Maharashtra,2002,64400,24.73,397.849,74,0,0,wheat,9500
Maharashtra,2003,11200,25.084,441.796,48,1,0,wheat,400
Maharashtra,2004,95800,25.939,281.253,73,0,0,wheat,45900
Maharashtra,2005,74200,25.56,445.325,81,0,0,wheat,27500
Maharashtra,2006,92700,25.23,645.472,51,1,0,wheat,35000
Maharashtra,2007,867,26.309,389.618,66,1,0,wheat,344
Maharashtra,2008,12500,25.39,402.288,63,1,0,wheat,900
Maharashtra,2009,54100,25.556,374.722,78,1,0,wheat,18200
Maharashtra,2010,74900,25.94,448.806,51,1,0,wheat,62500
Maharashtra,2011,26300,25.019,343.148,58,0,0,wheat,6400
Maharashtra,2012,22100,25.254,290.853,80,1,0,wheat,4800
Maharashtra,2013,24200,24.784,218.49,72,0,0,wheat,7200
Maharashtra,2014,69600,25.604,93.782,64,1,0,wheat,53100
Maharashtra,1997,88100,25.277,388.808,74,0,0,wheat,39700
Maharashtra,1998,89100,25.778,247.278,74,0,0,wheat,69100
Maharashtra,1999,91000,26.303,243.868,81,1,0,wheat,84300
Maharashtra,2000,89900,26.301,877.458,54,0,0,wheat,52600
Maharashtra,2001,66100,25.158,632.256,69,0,0,wheat,31000
Maharashtra,2002,89900,25.196,653.821,65,0,0,wheat,36600
Maharashtra,2003,23300,26.357,620.045,55,1,0,wheat,6100
Maharashtra,2004,92900,25.612,409.419,56,0,0,wheat,79000
Maharashtra,2005,72500,25.387,596.198,57,1,0,wheat,23500
Maharashtra,2006,84500,26.497,929.844,69,0,0,wheat,24600
Maharashtra,2007,841,25.583,575.011,45,1,0,wheat,485
Maharashtra,2008,6400,26,618.306,63,0,0,wheat,3300
Maharashtra,2009,74900,26.45,526.592,52,0,0,wheat,36300
Maharashtra,2010,75600,26.17,687.987,53,1,0,wheat,59200
Maharashtra,2011,25700,25.369,420.89,79,1,0,wheat,16400
Maharashtra,2012,16300,25.666,369.293,61,0,0,wheat,7500
Maharashtra,2013,30200,25.5,341.33,57,0,0,wheat,15600
Maharashtra,2014,55000,26.3,118.729,52,0,0,wheat,22100
Maharashtra,1997,22500,26.1,138.655,54,1,0,wheat,11500
Maharashtra,1998,37400,26.336,89.505,73,0,0,wheat,18900
Maharashtra,1999,57200,26.72,102.257,52,0,0,wheat,19300
Maharashtra,2000,53300,26.265,282.565,73,0,0,wheat,22100
Maharashtra,2001,11800,25.455,268.351,46,1,0,wheat,5400
Maharashtra,2002,25100,25.379,182.938,68,1,0,wheat,9500
Maharashtra,2003,9700,25.707,175.443,56,0,0,wheat,3700
Maharashtra,2004,26200,26.901,117.091,69,1,0,wheat,15000
Maharashtra,2005,14800,26.129,184.103,63,1,0,wheat,6700
Maharashtra,2006,27500,25.98,241.547,58,0,0,wheat,7700
Maharashtra,2007,215,27.482,195.699,70,0,0,wheat,91
Maharashtra,2008,1800,26.544,200.705,76,1,0,wheat,800
Maharashtra,2009,14400,26.451,173.078,82,0,0,wheat,5200
Maharashtra,2010,18400,26.74,221.741,61,1,0,wheat,9600
Maharashtra,2011,9900,27.56,137.107,69,1,0,wheat,3900
Maharashtra,2012,6300,25.81,118.913,62,1,0,wheat,200
Maharashtra,2013,6300,26,87.832,69,0,0,wheat,2200
Maharashtra,2014,5500,26.533,46.604,59,1,0,wheat,2200
Maharashtra,1997,100,28.64,345.896,90,0,0,wheat,100
Maharashtra,1998,100,29.92,323.602,93,0,0,wheat,100
Maharashtra,1999,100,28.145,177.36,88,0,0,wheat,100
Maharashtra,1999,2700,26.95,368.212,59,0,0,wheat,1400
Maharashtra,2000,2500,26.861,227.526,62,0,0,wheat,1500
Maharashtra,2001,2300,28.592,270.166,32,0,0,wheat,800
Maharashtra,2002,2400,27.501,292.159,46,0,0,wheat,1500
Maharashtra,2003,2000,27,155.446,36,0,0,wheat,900
Maharashtra,2004,1600,26.511,354.676,52,0,0,wheat,700
Maharashtra,2005,1400,27.05,437.931,32,0,0,wheat,700
Maharashtra,2006,1600,28.371,422.738,48,0,0,wheat,900
Maharashtra,2007,9,27.217,271.328,48,0,0,wheat,5
Maharashtra,2008,400,26.23,206.47,48,0,0,wheat,200
Maharashtra,2009,400,29,211.155,58,0,0,wheat,300
Maharashtra,2010,500,28.193,244.518,48,0,0,wheat,200
Maharashtra,2011,300,27.021,334.043,57,0,0,wheat,200
Maharashtra,2012,300,28.585,161.208,70,0,0,wheat,200
Maharashtra,2013,400,26.298,89.047,73,0,0,wheat,300
Maharashtra,2014,200,27.508,236.928,49,0,0,wheat,175
Maharashtra,1997,8900,28.1,339.638,60,1,0,wheat,3800
Maharashtra,1998,8900,27.781,67.245,68,0,0,wheat,4700
Maharashtra,1999,8600,28.86,386.424,74,0,0,wheat,4400
Maharashtra,2000,9200,27.769,125.888,77,0,0,wheat,5800
Maharashtra,2001,7400,27.153,205.589,74,0,0,wheat,2700
Maharashtra,2002,5600,27,168.906,74,0,0,wheat,3500
Maharashtra,2003,5000,27.303,74.632,50,0,0,wheat,2200
Maharashtra,2004,3600,28.779,229.667,75,1,0,wheat,1600
Maharashtra,2005,3000,27.525,167.266,58,0,0,wheat,1500
Maharashtra,2006,800,26,365.835,58,0,0,wheat,400
Maharashtra,2007,7,29.21,213.066,78,1,0,wheat,4
Maharashtra,2008,1500,28.388,129.474,49,0,0,wheat,800
Maharashtra,2009,1500,28.1,158.978,46,0,0,wheat,1100
Maharashtra,2010,1300,28.58,165.584,65,1,0,wheat,700
Maharashtra,2011,400,27.69,194.276,58,0,0,wheat,300
Maharashtra,2012,300,27.502,45.148,57,0,0,wheat,300
Maharashtra,2013,100,27.54,36.801,79,1,0,wheat,100
Maharashtra,2014,200,28.131,250,53,0,0,wheat,175
Maharashtra,1997,79700,23.343,42.3484,84,1,1,wheat,87100
Maharashtra,1998,124400,23.1044,8.7838,70,0,1,wheat,154200
Maharashtra,1999,127000,22.8118,39.5078,35,0,1,wheat,178800
Maharashtra,2000,94700,23.2746,9.2558,33,1,1,wheat,135800
Maharashtra,2001,93800,23.5674,4.0668,29,1,1,wheat,156300
Maharashtra,2002,70400,23.5598,28.5188,85,0,1,wheat,88500
Maharashtra,2003,39200,23.7654,3.5496,87,1,1,wheat,39500
Maharashtra,2004,89300,23.456,8.3676,20,0,1,wheat,154600
Maharashtra,2005,103100,22.8787,46.7888,36,0,1,wheat,153800
Maharashtra,2006,153900,22.7811,20.8014,43,0,1,wheat,248100
Maharashtra,2007,1309,23.111,14.398,54,1,1,wheat,2711
Maharashtra,2008,138200,22.3211,35.4694,33,0,1,wheat,219200
Maharashtra,2009,129500,22.3564,28.1252,52,0,1,wheat,216000
Maharashtra,2010,133700,23.1456,26.9422,80,0,1,wheat,248900
Maharashtra,2011,48100,23.6523,32.6042,79,0,1,wheat,88700
Maharashtra,2012,38900,23.1234,9.5166,40,0,1,wheat,46100
Maharashtra,2013,51900,22.751,24.0944,79,0,1,wheat,100700
Maharashtra,2014,57200,23.1122,5.213,54,0,1,wheat,85000
Maharashtra,1997,20900,22.991,27.6824,34,0,1,wheat,21800
Maharashtra,1998,25800,23.2296,9.5258,36,0,1,wheat,31600
Maharashtra,1999,12400,22.8556,31.3502,23,0,1,wheat,20900
Maharashtra,2000,9700,23.8574,9.259,50,0,1,wheat,13800
Maharashtra,2001,10100,24.0966,5.223,47,0,1,wheat,15500
Maharashtra,2002,10300,23.9084,28.5188,30,0,1,wheat,15800
Maharashtra,2003,8700,23.8456,3.4646,48,0,1,wheat,12300
Maharashtra,2004,3400,22.989,8.7726,24,0,1,wheat,3800
Maharashtra,2005,11200,24.0124,30.3168,51,0,1,wheat,17100
Maharashtra,2006,35400,23.456,12.8052,36,0,1,wheat,70100
Maharashtra,2007,485,22.874,13.7788,35,0,1,wheat,1314
Maharashtra,2008,34400,23.001,35.25,51,0,1,wheat,51900
Maharashtra,2009,35400,24.11,51.1382,38,0,1,wheat,88500
Maharashtra,2010,37800,23.654,22.9778,44,0,1,wheat,89900
Maharashtra,2011,16700,23.842,29.0668,44,0,1,wheat,36600
Maharashtra,2012,19900,22.987,2.2,32,0,1,wheat,33900
Maharashtra,2013,19900,24.123,7.7298,39,0,1,wheat,25200
Maharashtra,2014,18300,24.212,13.8526,48,0,1,wheat,25800
Maharashtra,1997,16300,23.132,31.3068,34,0,1,wheat,12800
Maharashtra,1998,19200,23.594,12.877,36,0,1,wheat,24700
Maharashtra,1999,21700,23.202,27.4898,23,0,1,wheat,35000
Maharashtra,2000,13400,24.2112,23.9706,50,0,1,wheat,17000
Maharashtra,2001,11300,24.458,6.4794,47,0,1,wheat,15000
Maharashtra,2002,11100,24.2334,23.4982,30,0,1,wheat,11500
Maharashtra,2003,11600,23.416,3.8178,48,0,1,wheat,14400
Maharashtra,2004,10300,23.348,7.4862,24,0,1,wheat,12000
Maharashtra,2005,17000,23.017,25.8644,51,0,1,wheat,23300
Maharashtra,2006,25400,23.6324,13.49,36,0,1,wheat,42500
Maharashtra,2008,45400,23.46683,14.592,35,0,1,wheat,63000
Maharashtra,2009,49300,24.2225,30.7878,51,0,1,wheat,97300
Maharashtra,2010,54700,23.789,55.4514,38,0,1,sugarcane,105400
Maharashtra,2011,32500,23.897,23.9442,44,0,1,sugarcane,58900
Maharashtra,2012,36100,23.989,28.6822,44,0,1,sugarcane,71500
Maharashtra,2013,42000,24.0124,1.6834,32,0,1,sugarcane,65000
Maharashtra,2014,66400,24.123,9.4574,39,0,1,sugarcane,87200
Maharashtra,1997,31800,23.416,38.3356,31,0,1,sugarcane,28800
Maharashtra,1998,51000,23.348,8.563,20,1,1,sugarcane,71700
Maharashtra,1999,47200,23.017,27.4898,29,0,1,sugarcane,66500
Maharashtra,2000,23800,23.6324,37.3426,29,1,1,sugarcane,29200
Maharashtra,2001,29500,23.46683,14.8936,26,0,1,sugarcane,34900
Maharashtra,2002,33400,24.2225,3.0964,33,1,1,sugarcane,40500
Maharashtra,2003,31200,23.864,23.4266,39,0,1,sugarcane,40100
Maharashtra,2004,36400,23.486,3.9672,21,1,1,sugarcane,47200
Maharashtra,2005,40900,24.0125,8.099,52,1,1,sugarcane,67600
Maharashtra,2006,60700,23.874,35.6744,24,0,1,sugarcane,121900
Maharashtra,2007,492,24.124,14.6592,42,1,1,sugarcane,1076
Maharashtra,2008,44500,23.6541,11.4134,48,0,1,sugarcane,78100
Maharashtra,2009,46200,23.4568,38.6254,31,0,1,sugarcane,88000
Maharashtra,2010,75300,23.89456,23.7362,29,1,1,sugarcane,158400
Maharashtra,2011,39900,24.435,27.0536,33,1,1,sugarcane,74200
Maharashtra,2012,24300,24.613,7.1936,55,0,1,sugarcane,21500
Maharashtra,2013,35400,23.6854,16.5566,22,1,1,sugarcane,54200
Maharashtra,2014,35400,23.421,5.728,58,0,1,sugarcane,33900
Maharashtra,1997,28300,24.50667,35.733,31,1,1,sugarcane,20400
Maharashtra,1998,40600,24.3985,11.5014,27,1,1,sugarcane,46300
Maharashtra,1999,38700,24.11217,45.2892,20,1,1,sugarcane,47500
Maharashtra,2000,43000,23.8315,14.0634,60,1,1,sugarcane,47100
Maharashtra,2001,38200,24.079,7.227,51,1,1,sugarcane,37100
Maharashtra,2002,30900,23.96683,33.2642,44,1,1,sugarcane,29700
Maharashtra,2003,26200,24.1122,5.8858,30,0,1,sugarcane,13800
Maharashtra,2004,31900,23.965,9.278,60,0,1,sugarcane,28000
Maharashtra,2005,42700,24.212,43.905,43,1,1,sugarcane,45000
Maharashtra,2006,52400,24.312,29.9464,24,0,1,sugarcane,66900
Maharashtra,2007,618,23.964,24.4334,42,1,1,sugarcane,897
Maharashtra,2008,65200,23.456,24.6872,58,1,1,sugarcane,80300
Maharashtra,2009,67000,23.756,43.204,20,1,1,sugarcane,91900
Maharashtra,2010,63600,24.946,31.903,53,0,1,sugarcane,82500
Maharashtra,2011,39800,24.5384,33.3622,32,1,1,sugarcane,52800
Maharashtra,2012,27700,24.126,9.8316,39,1,1,sugarcane,27000
Maharashtra,2013,57800,23.6512,23.4222,41,0,1,sugarcane,57100
Maharashtra,2014,59100,23.453,10.9318,49,0,1,sugarcane,40000
Maharashtra,1997,18300,22.93,57.9916,60,0,1,sugarcane,6200
Maharashtra,1998,21100,23.1286,28.1178,34,1,1,sugarcane,14700
Maharashtra,1999,17500,22.9408,23.8736,41,1,1,sugarcane,14100
Maharashtra,2000,10900,23.527,10.6622,36,0,1,sugarcane,7600
Maharashtra,2001,10700,24.004,7.5498,4,1,1,sugarcane,10900
Maharashtra,2002,10600,24.0046,25.121,43,0,1,sugarcane,7600
Maharashtra,2003,10000,24.00124,7.4396,23,1,1,sugarcane,9600
Maharashtra,2004,5800,23.6874,8.3732,35,1,1,sugarcane,4300
Maharashtra,2005,10300,24.213,17.4534,40,1,1,sugarcane,9400
Maharashtra,2006,13200,23.698,42.6778,35,0,1,sugarcane,12400
Maharashtra,2008,6700,23.956,16.34,26,1,1,sugarcane,5600
Maharashtra,2009,9600,23.9487,16.2508,34,1,1,sugarcane,10300
Maharashtra,2010,11500,24.0121,47.3158,35,0,1,sugarcane,12500
Maharashtra,2011,11600,24.1121,35.1796,45,1,1,sugarcane,12700
Maharashtra,2012,11800,24.312,23.209,55,0,1,sugarcane,14700
Maharashtra,2013,11900,24.0231,9.9302,65,1,1,sugarcane,13600
Maharashtra,2014,11400,24.021,27.8136,40,1,1,sugarcane,13900
Maharashtra,1997,20700,23.2536,11.8746,58,0,1,sugarcane,17500
Maharashtra,1998,35500,23.3912,29.0894,84,1,1,sugarcane,60500
Maharashtra,1999,35500,23.0148,9.8568,70,1,1,sugarcane,67000
Maharashtra,2000,21600,23.8924,36.684,35,0,1,sugarcane,32300
Maharashtra,2001,23700,24.1324,22.2358,33,0,1,sugarcane,42300
Maharashtra,2002,28900,24.0082,4.3706,29,0,1,sugarcane,52400
Maharashtra,2003,30500,23.564,23.9846,85,1,1,sugarcane,47800
Maharashtra,2004,26500,23.645,4.319,87,1,1,sugarcane,18300
Maharashtra,2005,26100,23.847,8.0586,20,1,1,sugarcane,27000
Maharashtra,2006,58200,24.121,30.8122,36,0,1,sugarcane,82500
Maharashtra,2007,593,24.351,14.11,43,1,1,sugarcane,1185
Maharashtra,2008,47400,23.598,12.681,54,1,1,sugarcane,70000
Maharashtra,2009,46000,23.958,31.1298,33,1,1,sugarcane,93900
Maharashtra,2010,53800,23.456,50.2822,52,1,1,sugarcane,92700
Maharashtra,2011,41100,24.123,23.8542,80,0,1,sugarcane,67900
Maharashtra,2012,36100,24.234,27.3182,79,1,1,sugarcane,53600
Maharashtra,2013,59000,23.571,3.9404,40,1,1,sugarcane,73900
Maharashtra,2014,73500,23.914,10.2422,79,0,1,sugarcane,95500
Maharashtra,1997,28100,23.774,51.9268,54,0,1,sugarcane,10200
Maharashtra,1998,32700,23.8826,20.6762,34,0,1,sugarcane,20800
Maharashtra,1999,34200,23.5864,26.6764,36,0,1,sugarcane,24200
Maharashtra,2000,22900,24.1724,14.6656,23,0,1,sugarcane,15200
Maharashtra,2001,24500,24.5316,7.3514,50,0,1,sugarcane,19300
Maharashtra,2002,20400,24.4052,22.2012,47,0,1,sugarcane,12000
Maharashtra,2003,31500,24.324,7.2722,30,0,1,sugarcane,19600
Maharashtra,2004,21300,24.5124,8.3802,48,0,1,sugarcane,12000
Maharashtra,2005,29500,23.98745,27.2892,24,0,1,sugarcane,22100
Maharashtra,2006,34100,23.969,41.015,51,0,1,sugarcane,24900
Maharashtra,2008,30000,24.0124,25.6692,36,0,1,sugarcane,27500
Maharashtra,2009,25700,24.8575,19.1342,35,0,1,sugarcane,16700
Maharashtra,2010,34300,24.5462,38.6634,51,0,1,sugarcane,36800
Maharashtra,2011,22100,23.8741,34.6954,38,0,1,sugarcane,27100
Maharashtra,2012,22400,24.124,19.1486,44,0,1,sugarcane,26700
Maharashtra,2013,25600,24.54,8.1814,44,0,1,sugarcane,28600
Maharashtra,2014,24200,23.958,30.3526,32,0,1,sugarcane,17800
Maharashtra,1997,18000,22.8184,40.0492,39,0,1,sugarcane,23700
Maharashtra,1998,19200,22.8716,5.7688,48,0,1,sugarcane,26300
Maharashtra,1999,12600,22.4246,25.584,34,0,1,sugarcane,17000
Maharashtra,2000,8800,22.9606,11.323,36,0,1,sugarcane,8900
Maharashtra,2001,11300,22.9996,1.1432,23,0,1,sugarcane,13400
Maharashtra,2002,14100,23.0222,13.4654,50,0,1,sugarcane,17600
Maharashtra,2003,17500,22.546,2.6158,47,0,1,sugarcane,28000
Maharashtra,2004,22000,22.32145,7.5798,30,0,1,sugarcane,38800
Maharashtra,2005,22200,22.9848,15.0996,48,0,1,sugarcane,35800
Maharashtra,2006,28000,22.6878,7.9932,24,0,1,sugarcane,44100
Maharashtra,2007,360,22.7865,10.8172,51,0,1,sugarcane,862
Maharashtra,2008,21300,22.647,17.6784,36,0,1,sugarcane,36500
Maharashtra,2009,28800,22.789,17.622,35,0,1,sugarcane,59100
Maharashtra,2010,30300,22.985,13.9788,51,0,1,sugarcane,65300
Maharashtra,2011,34300,22.3124,21.2754,38,0,1,sugarcane,78600
Maharashtra,2012,37500,22.514,5.9784,44,0,1,sugarcane,82400
Maharashtra,2013,47200,22.617,1.308,44,0,1,sugarcane,77500
Maharashtra,2014,36000,22.459,5.9785,32,0,1,sugarcane,65700
Maharashtra,1997,1400,24.3958,49.9568,39,0,1,sugarcane,1000
Maharashtra,1998,1300,24.499,23.9216,31,0,1,sugarcane,1200
Maharashtra,1999,1000,23.9898,29.2804,20,0,1,sugarcane,600
Maharashtra,2000,1000,24.6558,11.8062,29,0,1,sugarcane,600
Maharashtra,2001,1000,24.8906,7.4244,29,0,1,sugarcane,800
Maharashtra,2002,1000,24.7492,7.4244,26,0,1,sugarcane,800
Maharashtra,2003,900,24.3958,33.0362,33,0,1,sugarcane,600
Maharashtra,2004,600,24.499,10.0562,39,0,1,sugarcane,300
Maharashtra,2005,1000,23.9898,10.046,21,0,1,sugarcane,800
Maharashtra,2006,1200,24.6558,29.3722,52,0,1,sugarcane,1200
Maharashtra,2008,900,24.8906,36.8972,24,0,1,sugarcane,800
Maharashtra,2009,1100,24.7492,31.5016,42,0,1,sugarcane,900
Maharashtra,2010,1100,23.546,20.5066,48,0,1,sugarcane,1000
Maharashtra,2011,700,24.561,37.4084,31,0,1,sugarcane,800
Maharashtra,2012,500,24.325,42.4738,29,0,1,sugarcane,600
Maharashtra,2013,500,23.541,18.2914,33,0,1,sugarcane,700
Maharashtra,2014,1200,24.8741,13.497,55,0,1,sugarcane,1200
Maharashtra,1999,45100,22.9308,9.6288,22,0,1,sugarcane,58400
Maharashtra,2000,3700,23.5128,6.8448,58,0,1,sugarcane,2400
Maharashtra,2001,4400,24.0296,26.7146,31,0,1,sugarcane,3100
Maharashtra,2002,3800,23.939,7.8588,27,0,1,sugarcane,2400
Maharashtra,2003,3700,24.621,8.5154,20,0,1,sugarcane,2900
Maharashtra,2004,2300,23.954,16.875,60,0,1,sugarcane,1600
Maharashtra,2005,3600,24.758,37.0666,51,0,1,sugarcane,2400
Maharashtra,2006,3200,22.9308,15.5982,44,0,1,sugarcane,1900
Maharashtra,2008,2100,23.5128,15.28,30,0,1,sugarcane,1500
Maharashtra,2009,2400,24.0296,40.134,60,0,1,sugarcane,1700
Maharashtra,2010,2700,23.939,31.8018,43,0,1,sugarcane,2000
Maharashtra,2011,2100,24.125,21.3392,24,0,1,sugarcane,1600
Maharashtra,2012,1900,23.789,10.7096,42,0,1,sugarcane,1800
Maharashtra,2013,1700,23.987,26.015,58,0,1,sugarcane,1100
Maharashtra,2014,2400,24.0123,13.0362,20,0,1,sugarcane,1500
Maharashtra,2000,34800,24.7466,26.5674,53,1,1,sugarcane,54600
Maharashtra,2001,40800,25.008,7.2458,32,1,1,sugarcane,64800
Maharashtra,2002,43500,24.7984,31.9074,39,1,1,sugarcane,67300
Maharashtra,2003,39000,24.8714,5.2844,41,1,1,sugarcane,60900
Maharashtra,2004,28500,24.65,9.0222,49,0,1,sugarcane,39000
Maharashtra,2005,42600,25.0012,38.8984,60,1,1,vegetables,65700
Maharashtra,2006,51600,24.958,23.4206,34,0,1,vegetables,86300
Maharashtra,2007,371,24.317,22.0678,41,1,1,vegetables,713
Maharashtra,2008,20300,24.985,42.7612,36,0,1,vegetables,27700
Maharashtra,2009,19300,24.627,43.0968,4,0,1,vegetables,25300
Maharashtra,2010,34400,24.7466,28.6832,43,0,1,vegetables,57200
Maharashtra,2011,36000,25.008,27.5822,23,1,1,vegetables,64200
Maharashtra,2012,37600,24.7984,3.8366,35,0,1,vegetables,52300
Maharashtra,2013,77200,25.11,12.324,40,1,1,vegetables,74200
Maharashtra,2014,49500,24.654,15.8218,35,1,1,vegetables,33000
Maharashtra,1997,34000,23.3424,32.6526,26,0,1,vegetables,45000
Maharashtra,1998,43800,23.4468,6.3032,34,0,1,vegetables,72200
Maharashtra,1999,46900,23.0008,28.6452,35,0,1,vegetables,88300
Maharashtra,2000,22600,23.6762,14.473,45,0,1,vegetables,31600
Maharashtra,2001,23800,23.795,1.976,55,1,1,vegetables,39300
Maharashtra,2002,27700,23.7566,14.7282,65,1,1,vegetables,53200
Maharashtra,2003,33000,23.5421,3.185,40,1,1,vegetables,61500
Maharashtra,2004,38400,23.9854,7.367,58,0,1,vegetables,77700
Maharashtra,2005,36200,23.456,18.0032,43,1,1,vegetables,66800
Maharashtra,2006,50800,23.481,9.5352,35,0,1,vegetables,111900
Maharashtra,2007,526,23.68,10.6468,27,0,1,vegetables,1377
Maharashtra,2008,31600,23.3424,18.5116,43,1,1,vegetables,64600
Maharashtra,2009,50900,23.4468,31.4254,84,0,1,jute,110000
Maharashtra,2010,66000,23.0008,15.3686,65,0,1,jute,164600
Maharashtra,2011,25900,23.6762,20.844,45,0,1,jute,60200
Maharashtra,2012,25300,23.795,4.8484,65,0,1,jute,53000
Maharashtra,2013,25300,23.7566,11.5688,45,1,1,jute,64800
Maharashtra,2014,49600,23.74,4.4158,84,1,1,jute,81100
Maharashtra,1997,21600,23.8436,31.9362,53,0,1,jute,14800
Maharashtra,1998,30400,23.8246,10.9348,45,0,1,jute,43200
Maharashtra,1999,30200,23.4992,42.34,43,0,1,jute,42200
Maharashtra,2000,24300,24.3296,19.252,66,0,1,jute,60200
Maharashtra,2001,28400,24.7112,4.7436,22,1,1,jute,41600
Maharashtra,2002,27600,24.437,28.7518,37,1,1,jute,44000
Maharashtra,2003,18400,24.6554,4.7386,74,1,1,jute,24000
Maharashtra,2004,19500,24.9824,8.1722,65,0,1,jute,27400
Maharashtra,2005,23900,23.146,42.086,45,1,1,jute,34200
Maharashtra,2006,34100,23.685,18.3264,42,0,1,jute,54800
Maharashtra,2007,241,24.274,13.1274,38,0,1,jute,458
Maharashtra,2008,17900,23.8436,36.432,35,1,1,jute,29800
Maharashtra,2009,21500,23.8246,47.337,45,0,1,jute,40100
Maharashtra,2010,30900,23.4992,28.038,55,0,1,jute,51600
Maharashtra,2011,20700,24.3296,29.5774,65,0,1,jute,29000
Maharashtra,2012,6500,24.7112,6.1554,40,0,1,jute,2900
Maharashtra,2013,9800,24.437,14.6522,58,1,1,jute,13700
Maharashtra,2014,1900,23.647,9.8218,43,1,1,jute,1500
Maharashtra,1997,6300,24.5968,39.3296,35,1,1,jute,10100
Maharashtra,1998,7300,24.1324,19.6038,27,0,1,jute,13400
Maharashtra,1999,7600,24.5774,44.6942,43,0,1,jute,15200
Maharashtra,2000,8400,24.0086,6.954,84,1,1,jute,15000
Maharashtra,2001,8500,24.654,4.2564,65,1,1,jute,16600
Maharashtra,2002,8500,24.6848,30.838,45,0,1,jute,15200
Maharashtra,2003,8600,24.5968,9.4964,65,1,1,jute,17400
Maharashtra,2004,9200,24.1324,38.0976,45,0,1,jute,19400
Maharashtra,2005,9900,24.5774,49.3448,84,0,1,jute,20100
Maharashtra,2006,9300,24.0086,40.844,53,1,1,jute,19400
Maharashtra,2007,105,24.654,32.1944,45,1,1,jute,251
Maharashtra,2008,9600,24.6848,42.0102,43,0,1,jute,23800
Maharashtra,2009,7900,24.151,36.5752,66,0,1,jute,18000
Maharashtra,2010,8600,24.352,29.7192,22,1,1,jute,22800
Maharashtra,2011,8500,24.9542,51.9384,37,1,1,jute,21100
Maharashtra,2012,9100,24.692,20.712,74,1,1,jute,20000
Maharashtra,2013,16600,24.325,34.3864,65,0,1,jute,41700
Maharashtra,2014,6800,24.0124,24.5686,45,1,1,jute,15100
Maharashtra,1997,19700,24.855,33.746,42,1,1,jute,8600
Maharashtra,1998,27500,24.7532,15.013,38,0,1,jute,30100
Maharashtra,1999,28300,24.3446,47.6166,35,0,1,jute,26700
Maharashtra,2000,25400,24.885,14.4458,45,0,1,jute,26000
Maharashtra,2001,27300,25.1046,12.9734,55,0,1,jute,24400
Maharashtra,2002,24800,24.8558,34.3248,65,0,1,jute,25800
Maharashtra,2003,26500,24.855,9.253,40,1,1,jute,18300
Maharashtra,2004,27000,24.7532,10.7514,58,0,1,jute,27500
Maharashtra,2005,33100,24.3446,40.1908,43,1,1,jute,38900
Maharashtra,2006,35600,24.885,45.2166,35,0,1,jute,37400
Maharashtra,2007,380,25.1046,45.9508,27,0,1,jute,564
Maharashtra,2008,28600,24.8558,46.1456,43,0,1,jute,33500
Maharashtra,2009,25800,24.5154,42.1932,84,1,1,jute,27800
Maharashtra,2010,33500,24.682,41.6582,65,1,1,jute,46000
Maharashtra,2011,29100,25.652,27.5016,45,1,1,jute,43300
Maharashtra,2012,31000,25.248,8.886,65,0,1,jute,47300
Maharashtra,2013,35200,25.6921,29.2976,45,0,1,jute,44900
Maharashtra,2014,47200,24.689,16.2492,84,1,1,jute,10800
Maharashtra,1997,55900,23.092,50.4328,53,0,1,jute,20400
Maharashtra,1998,61700,23.5238,25.4156,45,0,1,jute,67900
Maharashtra,1999,62600,23.3798,26.2664,43,0,1,jute,70900
Maharashtra,2000,32400,24.057,14.402,66,0,1,jute,33400
Maharashtra,2001,30600,24.5146,7.7184,22,0,1,jute,32900
Maharashtra,2002,31000,24.472,21.3348,37,0,1,jute,32500
Maharashtra,2003,35000,23.6421,6.268,74,0,1,jute,43200
Maharashtra,2004,31800,24.686,7.6494,65,0,1,jute,34700
Maharashtra,2005,50200,24.3272,18.7966,45,0,1,jute,55800
Maharashtra,2006,63900,24.652,36.0476,42,0,1,jute,74200
Maharashtra,2008,40700,24.6426,15.6004,38,0,1,jute,46000
Maharashtra,2009,57000,23.9426,19.1208,35,0,1,jute,76700
Maharashtra,2010,75200,24.2392,50.0902,45,0,1,jute,115700
Maharashtra,2011,79000,23.6954,32.8866,55,0,1,jute,116400
Maharashtra,2012,80200,23.8562,24.4528,65,0,1,jute,124800
Maharashtra,2013,86200,24.82652,6.0844,40,0,1,jute,83100
Maharashtra,2014,88500,24.3825,24.1666,58,0,1,jute,110600
Maharashtra,1997,14900,24.3,10.9078,43,0,1,jute,9200
Maharashtra,1998,29500,24.3758,25.3784,35,0,1,jute,35900
Maharashtra,1999,33400,23.9694,15.277,27,0,1,jute,39100
Maharashtra,2000,26100,24.7042,34.9258,43,1,1,jute,28200
Maharashtra,2001,26700,24.9606,25.9488,84,1,1,jute,34700
Maharashtra,2002,30400,24.664,9.887,65,1,1,jute,40800
Maharashtra,2003,31500,24.5725,31.011,45,0,1,jute,43500
Maharashtra,2004,31600,23.9824,7.7904,65,0,1,jute,38500
Maharashtra,2005,37700,24.6826,9.7356,45,0,1,jute,38300
Maharashtra,2006,40100,24.3828,37.8902,84,1,1,jute,49900
Maharashtra,2007,227,23.616,30.1252,53,0,1,jute,345
Maharashtra,2008,19800,24.3758,35.9682,45,0,1,jute,27000
Maharashtra,2009,19100,23.9694,42.1888,43,1,1,jute,19800
Maharashtra,2010,49000,24.7042,40.0424,66,0,1,jute,82700
Maharashtra,2011,31100,24.9606,34.5776,22,1,1,jute,54100
Maharashtra,2012,30400,24.664,5.1354,37,0,1,jute,43500
Maharashtra,2013,38900,24.5865,18.8684,74,0,1,jute,43800
Maharashtra,2014,39500,23.6825,18.5376,65,0,1,jute,29200
Maharashtra,1999,4300,23.6768,10.9078,45,0,1,jute,2400
Maharashtra,2000,6000,24.3048,19.8092,42,0,1,jute,5400
Maharashtra,2001,6400,24.2244,8.2822,38,1,1,jute,7400
Maharashtra,2002,7900,24.2972,0.858,35,1,1,jute,10000
Maharashtra,2003,9200,23.6977,12.9408,45,0,1,jute,15200
Maharashtra,2004,10900,23.8957,2.1644,55,1,1,jute,15200
Maharashtra,2005,12000,24.6825,5.7598,65,1,1,jute,24300
Maharashtra,2006,14200,24.9858,10.9874,40,0,1,jute,31600
Maharashtra,2007,148,23.6768,5.5676,58,0,1,jute,380
Maharashtra,2008,9400,24.3048,8.2148,43,1,1,jute,19900
Maharashtra,2009,21100,24.2244,16.9656,35,1,1,jute,49700
Maharashtra,2010,22700,24.2972,12.614,27,0,1,jute,54300
Maharashtra,2011,18000,24.6825,14.9272,43,0,1,jute,48100
Maharashtra,2012,24000,24.2347,16.8908,84,0,1,jute,50900
Maharashtra,2013,21500,24.352,4.1666,65,0,1,jute,45800
Maharashtra,2014,21900,23.9878,13.7928,45,1,1,jute,39100
Maharashtra,1997,73600,23.8506,0.7916,85,0,1,jute,95100
Maharashtra,1998,83900,23.7182,41.1766,87,0,1,jute,112200
Maharashtra,1999,85700,23.3622,6.1534,20,0,1,jute,122600
Maharashtra,2000,39400,23.6562,27.7342,36,0,1,jute,44500
Maharashtra,2001,36800,24.2926,7.6874,43,0,1,jute,48900
Maharashtra,2002,35000,23.8596,1.7728,54,0,1,jute,49500
Maharashtra,2003,35500,23.8506,17.3228,33,0,1,jute,41300
Maharashtra,2004,55600,23.7182,2.1096,52,0,1,jute,81300
Maharashtra,2005,70600,23.3622,6.997,80,0,1,jute,116600
Maharashtra,2006,84100,23.6562,24.9688,79,0,1,jute,137700
Maharashtra,2007,790,24.2926,11.2084,40,0,1,jute,1490
Maharashtra,2008,71900,23.8596,10.6306,79,0,1,jute,115900
Maharashtra,2009,73000,23.9845,23.209,54,0,1,jute,117900
Maharashtra,2010,75300,23.968471,15.0604,34,0,1,jute,143700
Maharashtra,2011,52400,24.0124,18.1432,36,0,1,jute,102600
Maharashtra,2012,32400,23.89855,24.5266,23,0,1,jute,53200
Maharashtra,2013,65900,24.0001,6.9904,50,0,1,jute,111900
Maharashtra,2014,72400,23.9987,19.3804,47,0,1,jute,111200
Maharashtra,1997,25400,25.103,1.664,30,0,1,jute,9100
Maharashtra,1998,42200,24.8866,40.4944,48,0,1,millets,45100
Maharashtra,1999,36200,24.5222,16.6142,24,0,1,millets,28700
Maharashtra,2000,34500,24.9576,52.2806,51,0,1,millets,34200
Maharashtra,2001,27000,25.2064,8.0644,36,0,1,millets,25300
Maharashtra,2002,25800,25.0026,12.6132,35,0,1,millets,28600
Maharashtra,2003,21900,25.103,35.2414,51,0,1,millets,4600
Maharashtra,2004,25700,24.8866,8.826,38,0,1,millets,19900
Maharashtra,2005,36300,24.5222,11.6022,44,0,1,millets,36800
Maharashtra,2006,38600,24.9576,42.3728,44,0,1,millets,33900
Maharashtra,2007,292,25.2064,45.7768,32,0,1,millets,346
Maharashtra,2008,39800,25.0026,44.4048,39,0,1,millets,42500
Maharashtra,2009,38600,24.98858,46.2048,48,0,1,millets,39300
Maharashtra,2010,41800,25.3571,42.0702,34,0,1,millets,43300
Maharashtra,2011,30300,25.1012,41.7748,36,0,1,millets,37500
Maharashtra,2012,24200,25.0142,31.7356,23,0,1,millets,11300
Maharashtra,2013,26700,24.9828,11.0134,50,0,1,millets,41200
Maharashtra,2014,24100,24.982,34.3636,47,0,1,millets,7100
Maharashtra,1997,38600,23.9736,14.0676,30,0,1,millets,31400
Maharashtra,1998,74400,23.9796,27.8334,48,1,1,millets,102900
Maharashtra,1999,41500,23.6272,12.311,24,0,1,millets,52200
Maharashtra,2000,31900,24.3544,41.0912,51,1,1,millets,41400
Maharashtra,2001,32300,24.6396,21.3902,36,1,1,millets,48500
Maharashtra,2002,38000,24.4478,7.329,35,0,1,millets,53600
Maharashtra,2003,39000,23.9736,32.6348,51,1,1,millets,44500
Maharashtra,2004,33900,23.9796,6.072,38,0,1,millets,27800
Maharashtra,2005,40900,23.6272,9.2768,44,0,1,millets,47100
Maharashtra,2006,50400,24.3544,39.8192,44,1,1,millets,70500
Maharashtra,2007,530,24.6396,24.3852,32,0,1,millets,1022
Maharashtra,2008,34500,24.4478,43.6734,39,1,1,millets,56100
Maharashtra,2009,32500,24.2141,44.3724,31,1,1,millets,42800
Maharashtra,2010,46400,24.01241,31.7748,20,1,1,millets,79500
Maharashtra,2011,39600,24.1245,29.9194,29,0,1,millets,62500
Maharashtra,2012,13600,24.3525,5.562,29,1,1,millets,21400
Maharashtra,2013,20900,24.582,16.827,26,1,1,millets,23300
Maharashtra,2014,22300,23.9985,6.4505,33,0,1,millets,18800
Maharashtra,1997,57300,23.9892,49.832,39,0,1,millets,71400
Maharashtra,1998,68000,23.602,9.9636,85,1,1,millets,96000
Maharashtra,1999,71800,23.6728,43.3456,87,0,1,millets,125000
Maharashtra,2000,55500,23.3448,2.774,20,0,1,millets,57000
Maharashtra,2001,59500,23.971,4.992,36,0,1,millets,101200
Maharashtra,2002,64700,24.0096,31.8174,43,1,1,millets,81900
Maharashtra,2003,38800,23.9892,4.0292,54,0,1,millets,47500
Maharashtra,2004,52500,23.985,9.2122,33,1,1,millets,86900
Maharashtra,2005,61300,23.6728,53.4738,52,1,1,millets,112900
Maharashtra,2006,72900,23.8784,26.33,80,0,1,millets,132100
Maharashtra,2007,734,23.971,17.9882,79,1,1,millets,1550
Maharashtra,2008,60900,24.0096,38.2936,40,1,1,millets,112300
Maharashtra,2009,59600,24.101,23.3434,79,0,1,millets,91800
Maharashtra,2010,60000,24.12334,30.4006,54,0,1,millets,115900
Maharashtra,2011,55300,23.9828,36.4054,34,1,1,millets,105600
Maharashtra,2012,53000,23.87258,12.3754,36,0,1,millets,93800
Maharashtra,2013,64300,23.792,31.8602,23,1,1,millets,129900
Maharashtra,2014,71800,24.014,4.6484,50,1,1,millets,108300
Maharashtra,1997,21400,24.9829,44.1356,47,0,1,millets,27300
Maharashtra,1998,29000,24.5648,18.56316,30,1,1,millets,43100
Maharashtra,1999,31000,24.4466,47.7694,48,0,1,millets,57700
Maharashtra,2000,26300,24.6152,5.0956,24,0,1,millets,44700
Maharashtra,2001,28900,24.9394,7.4986,51,0,1,millets,50000
Maharashtra,2002,22400,24.9788,35.3404,36,1,1,millets,28500
Maharashtra,2003,12600,24.9829,13.115,35,1,1,millets,20300
Maharashtra,2004,29400,24.5648,29.9896,51,0,1,millets,50200
Maharashtra,2005,26000,24.4466,48.0716,38,1,1,millets,41700
Maharashtra,2006,29600,24.6152,43.4702,44,0,1,millets,47700
Maharashtra,2007,298,24.9394,36.8396,44,0,1,millets,584
Maharashtra,2008,24600,24.9788,45.661,32,1,1,millets,45300
Maharashtra,2009,34300,24.9829,40.5362,39,0,1,millets,57500
Maharashtra,2010,39300,24.5648,36.3596,48,0,1,millets,72900
Maharashtra,2011,20000,24.4466,47.9198,34,1,1,millets,34000
Maharashtra,2012,20100,24.6152,18.339,36,0,1,millets,36500
Maharashtra,2013,26200,24.9394,38.3928,23,0,1,millets,51500
Maharashtra,2014,32500,24.9788,19.757,50,1,1,millets,70900
Maharashtra,1997,31900,25.1142,54.723,47,0,1,millets,46700
Maharashtra,1998,35800,24.6718,15.8006,30,0,1,millets,63100
Maharashtra,1999,37900,24.5196,49.0376,48,0,1,millets,70200
Maharashtra,2000,32900,24.7168,2.8464,24,0,1,millets,51600
Maharashtra,2001,35700,25.0586,5.9594,51,0,1,pulses,64900
Maharashtra,2002,35300,25.1164,37.2128,36,0,1,pulses,48700
Maharashtra,2003,23600,25.1142,8.0738,35,0,1,pulses,34100
Maharashtra,2004,38100,24.6718,20.8438,51,0,1,pulses,68300
Maharashtra,2005,39200,24.5196,58.5256,38,0,1,pulses,73500
Maharashtra,2006,43100,24.7168,36.1714,44,0,1,pulses,78100
Maharashtra,2007,433,25.0586,26.4202,44,0,1,pulses,940
Maharashtra,2008,40200,25.1164,44.4474,32,0,1,pulses,69100
Maharashtra,2009,42000,24.6828,31.7816,39,0,1,pulses,69000
Maharashtra,2010,43700,24.682,35.6638,31,0,1,pulses,86500
Maharashtra,2011,36600,25.1241,45.8146,20,0,1,pulses,67800
Maharashtra,2012,35000,25.0124,17.3788,29,0,1,pulses,58500
Maharashtra,2013,33800,24.9824,38.8088,29,0,1,pulses,62200
Maharashtra,2014,38300,24.9682,11.5472,26,0,1,pulses,61400
Maharashtra,1997,47400,24.6776,44.4164,33,1,1,pulses,37900
Maharashtra,1998,70900,24.3618,15.8814,39,0,1,pulses,85100
Maharashtra,1999,68600,24.084,51.2438,37,0,1,pulses,81000
Maharashtra,2000,50900,24.4,4.7224,74,0,1,pulses,56000
Maharashtra,2001,53700,24.6742,11.1808,65,0,1,pulses,62700
Maharashtra,2002,48400,24.5532,35.7522,45,0,1,pulses,61800
Maharashtra,2003,30800,24.6776,10.2246,42,1,1,pulses,13300
Maharashtra,2004,50100,24.3618,16.4118,38,1,1,pulses,56200
Maharashtra,2005,58900,24.084,43.7014,35,0,1,pulses,69200
Maharashtra,2006,69400,24.4,45.1206,45,0,1,pulses,85900
Maharashtra,2007,750,24.6742,41.8006,55,0,1,pulses,1103
Maharashtra,2008,62600,24.5532,46.2974,65,0,1,pulses,83800
Maharashtra,2009,80400,24.6824,41.8904,40,0,1,pulses,106000
Maharashtra,2010,87800,24.935,40.4578,58,1,1,pulses,122900
Maharashtra,2011,29300,24.9824,36.9098,43,0,1,pulses,34900
Maharashtra,2012,28800,24.58474,13.7076,35,1,1,pulses,21800
Maharashtra,2013,35700,25.001,37.0666,27,0,1,pulses,35800
Maharashtra,2014,42200,24.6871,14.3076,43,1,1,pulses,54600
Maharashtra,1998,100,23.9512,41.8078,84,0,1,pulses,100
Maharashtra,1999,100,24.0012,18.937,65,0,1,pulses,100
Maharashtra,2000,100,23.654,26.7146,45,0,1,pulses,100
Maharashtra,2002,100,23.145,18.4934,65,0,1,pulses,100
Maharashtra,2003,100,23.9512,6.8876,45,0,1,pulses,100
Maharashtra,2004,100,24.0012,21.0326,84,0,1,pulses,100
Maharashtra,2005,200,23.654,5.5586,53,0,1,pulses,200
Maharashtra,2006,200,23.145,7.377,45,0,1,pulses,200
Maharashtra,2007,200,24.0185,23.1862,43,0,1,pulses,200
Maharashtra,2008,100,23.9578,27.7986,66,0,1,pulses,100
Maharashtra,2009,100,24.0154,16.6572,22,0,1,pulses,100
Maharashtra,2010,100,24.1352,23.5486,37,0,1,pulses,200
Maharashtra,2011,100,24.252,47.8628,74,0,1,pulses,100
Maharashtra,1997,17200,23.6156,41.8078,65,0,1,pulses,5400
Maharashtra,1998,19100,23.83,18.937,45,0,1,pulses,20700
Maharashtra,1999,21000,23.6184,26.7146,42,0,1,pulses,25500
Maharashtra,2000,19300,24.414,18.4934,38,0,1,pulses,22500
Maharashtra,2001,18900,24.8154,6.8876,35,0,1,pulses,24700
Maharashtra,2002,19900,24.676,21.0326,45,0,1,pulses,24100
Maharashtra,2003,20700,23.6156,5.5586,55,0,1,pulses,25000
Maharashtra,2004,15500,23.83,7.377,65,0,1,pulses,18100
Maharashtra,2005,19000,23.6184,23.1862,40,0,1,pulses,24000
Maharashtra,2006,25300,24.414,27.7986,58,0,1,pulses,37500
Maharashtra,2008,19200,24.8154,16.6572,43,0,1,pulses,25000
Maharashtra,2009,23500,24.676,23.5486,35,0,1,pulses,32400
Maharashtra,2010,29500,24.145,47.8628,27,0,1,pulses,49000
Maharashtra,2011,23100,24.6541,29.4564,43,0,1,pulses,34400
Maharashtra,2012,23700,23.9952,23.512,84,0,1,pulses,36000
Maharashtra,2013,25700,24.2521,3.8814,65,0,1,pulses,33700
Maharashtra,2014,13700,24.625,20.005,45,0,1,pulses,19900
Maharashtra,1999,17600,22.796,11.9104,85,0,1,pulses,19300
Maharashtra,2000,12800,24.3842,32.0978,87,0,1,pulses,12400
Maharashtra,2001,15100,23.6184,29.223,20,0,1,pulses,21300
Maharashtra,2002,16300,24.0032,5.7468,36,0,1,pulses,20900
Maharashtra,2003,11900,22.796,30.3828,43,0,1,pulses,14100
Maharashtra,2004,3000,24.3842,4.1708,37,0,1,pulses,2200
Maharashtra,2005,11300,23.6184,8.445,74,0,1,pulses,14500
Maharashtra,2006,18800,24.0032,39.626,65,0,1,pulses,27800
Maharashtra,2007,346,24.3521,8.1252,45,0,1,pulses,705
Maharashtra,2008,16000,24.3241,15.6864,42,0,1,gram,19300
Maharashtra,2009,15300,24.256,14.4954,38,0,1,gram,31700
Maharashtra,2010,21900,23.982,16.6572,35,0,1,gram,35200
Maharashtra,2011,20100,24.0125,40.573,45,0,1,gram,24600
Maharashtra,2012,16900,24.6852,48.5386,55,0,1,gram,27100
Maharashtra,2013,30900,24.26,25.1322,65,0,1,gram,50200
Maharashtra,2014,30900,24.6821,29.2184,40,0,1,gram,40800
Maharashtra,1997,18600,23.7682,32.9542,58,0,1,gram,8700
Maharashtra,1998,21100,23.9526,15.437,43,0,1,gram,25500
Maharashtra,1999,24200,23.6212,26.8132,35,0,1,gram,28800
Maharashtra,2000,17100,24.478,25.439,27,0,1,gram,18900
Maharashtra,2001,17100,24.7904,6.8608,43,0,1,gram,19600
Maharashtra,2002,17600,24.563,25.609,84,0,1,gram,18600
Maharashtra,2003,17600,23.7682,5.4152,65,0,1,gram,20800
Maharashtra,2004,5100,23.9526,8.2766,45,0,1,gram,5000
Maharashtra,2005,15900,23.6212,32.9788,65,0,1,gram,15800
Maharashtra,2006,33100,24.478,28.729,45,0,1,onion,37600
Maharashtra,2008,38000,24.7904,32.4276,84,0,1,onion,41200
Maharashtra,2009,18000,24.563,40.5846,53,0,1,onion,20000
Maharashtra,2010,41700,24.58152,27.4774,45,0,1,onion,61400
Maharashtra,2011,34100,24.682,23.9894,43,0,1,onion,58500
Maharashtra,2012,36100,24.789,23.9894,66,0,1,onion,64600
Maharashtra,2013,34500,24.854,3.593,22,0,1,onion,30700
Goa,2014,29100,24.647,17.4454,37,0,1,onion,26800
